-- MySQL dump 10.13  Distrib 8.0.41, for Win64 (x86_64)
--
-- Host: localhost    Database: pfe_app
-- ------------------------------------------------------
-- Server version	8.0.41

/*!40101 SET @OLD_CHARACTER_SET_CLIENT=@@CHARACTER_SET_CLIENT */;
/*!40101 SET @OLD_CHARACTER_SET_RESULTS=@@CHARACTER_SET_RESULTS */;
/*!40101 SET @OLD_COLLATION_CONNECTION=@@COLLATION_CONNECTION */;
/*!50503 SET NAMES utf8mb4 */;
/*!40103 SET @OLD_TIME_ZONE=@@TIME_ZONE */;
/*!40103 SET TIME_ZONE='+00:00' */;
/*!40014 SET @OLD_UNIQUE_CHECKS=@@UNIQUE_CHECKS, UNIQUE_CHECKS=0 */;
/*!40014 SET @OLD_FOREIGN_KEY_CHECKS=@@FOREIGN_KEY_CHECKS, FOREIGN_KEY_CHECKS=0 */;
/*!40101 SET @OLD_SQL_MODE=@@SQL_MODE, SQL_MODE='NO_AUTO_VALUE_ON_ZERO' */;
/*!40111 SET @OLD_SQL_NOTES=@@SQL_NOTES, SQL_NOTES=0 */;

--
-- Current Database: `pfe_app`
--

CREATE DATABASE /*!32312 IF NOT EXISTS*/ `pfe_app` /*!40100 DEFAULT CHARACTER SET utf8mb4 COLLATE utf8mb4_0900_ai_ci */ /*!80016 DEFAULT ENCRYPTION='N' */;

USE `pfe_app`;

--
-- Table structure for table `absences`
--

DROP TABLE IF EXISTS `absences`;
/*!40101 SET @saved_cs_client     = @@character_set_client */;
/*!50503 SET character_set_client = utf8mb4 */;
CREATE TABLE `absences` (
  `id_absence` int NOT NULL AUTO_INCREMENT,
  `id_etudiant` int DEFAULT NULL,
  `id_affectation` int DEFAULT NULL,
  `date_seance` date NOT NULL,
  `numero_seance` int DEFAULT NULL,
  `statut` varchar(20) DEFAULT NULL,
  `justifiee` tinyint(1) DEFAULT '0',
  PRIMARY KEY (`id_absence`),
  KEY `id_etudiant` (`id_etudiant`),
  KEY `id_affectation` (`id_affectation`),
  CONSTRAINT `absences_ibfk_1` FOREIGN KEY (`id_etudiant`) REFERENCES `etudiants` (`id_etudiant`) ON DELETE CASCADE,
  CONSTRAINT `absences_ibfk_2` FOREIGN KEY (`id_affectation`) REFERENCES `affectations` (`id_affectation`) ON DELETE CASCADE
) ENGINE=InnoDB AUTO_INCREMENT=16 DEFAULT CHARSET=utf8mb4 COLLATE=utf8mb4_0900_ai_ci;
/*!40101 SET character_set_client = @saved_cs_client */;

--
-- Dumping data for table `absences`
--

LOCK TABLES `absences` WRITE;
/*!40000 ALTER TABLE `absences` DISABLE KEYS */;
/*!40000 ALTER TABLE `absences` ENABLE KEYS */;
UNLOCK TABLES;

--
-- Table structure for table `affectations`
--

DROP TABLE IF EXISTS `affectations`;
/*!40101 SET @saved_cs_client     = @@character_set_client */;
/*!50503 SET character_set_client = utf8mb4 */;
CREATE TABLE `affectations` (
  `id_affectation` int NOT NULL AUTO_INCREMENT,
  `id_utilisateur` int DEFAULT NULL,
  `id_module` int DEFAULT NULL,
  `id_groupe` int DEFAULT NULL,
  `annee_univ` varchar(20) DEFAULT NULL,
  `periode_saisie_ouverte` tinyint(1) DEFAULT '0',
  `type_seance` enum('CM','TD','TP') NOT NULL DEFAULT 'TD',
  `section` varchar(50) DEFAULT NULL,
  `niveau` varchar(50) DEFAULT NULL,
  PRIMARY KEY (`id_affectation`),
  UNIQUE KEY `uq_affectation` (`id_utilisateur`,`id_module`,`id_groupe`,`type_seance`),
  KEY `id_module` (`id_module`),
  KEY `id_groupe` (`id_groupe`),
  CONSTRAINT `affectations_ibfk_1` FOREIGN KEY (`id_utilisateur`) REFERENCES `utilisateurs` (`id_utilisateur`) ON DELETE CASCADE,
  CONSTRAINT `affectations_ibfk_2` FOREIGN KEY (`id_module`) REFERENCES `modules` (`id_module`) ON DELETE CASCADE,
  CONSTRAINT `affectations_ibfk_3` FOREIGN KEY (`id_groupe`) REFERENCES `groupes` (`id_groupe`) ON DELETE CASCADE
) ENGINE=InnoDB AUTO_INCREMENT=446 DEFAULT CHARSET=utf8mb4 COLLATE=utf8mb4_0900_ai_ci;
/*!40101 SET character_set_client = @saved_cs_client */;

--
-- Dumping data for table `affectations`
--

LOCK TABLES `affectations` WRITE;
/*!40000 ALTER TABLE `affectations` DISABLE KEYS */;
INSERT INTO `affectations` VALUES (29,6,51,NULL,'2025-2026',1,'CM','Section 1','L1'),(30,5,48,NULL,'2025-2026',1,'TP','Section 1','L1'),(31,7,46,25,'2025-2026',1,'TD',NULL,'L1'),(32,7,46,33,'2025-2026',1,'TD',NULL,'L1'),(33,8,48,NULL,'2025-2026',1,'CM','Section 3','L1'),(34,9,88,NULL,'2025-2026',1,'CM','Section 2','L1'),(35,10,50,NULL,'2025-2026',1,'CM','Section 2','L1'),(36,11,46,NULL,'2025-2026',1,'CM','Section 3','L1'),(37,12,46,NULL,'2025-2026',1,'CM','Section 2','L1'),(38,13,48,22,'2025-2026',1,'TD',NULL,'L1'),(39,13,48,30,'2025-2026',1,'TD',NULL,'L1'),(40,13,48,26,'2025-2026',1,'TD',NULL,'L1'),(41,12,46,30,'2025-2026',1,'TD',NULL,'L1'),(42,14,47,23,'2025-2026',1,'TD',NULL,'L1'),(43,14,47,29,'2025-2026',1,'TD',NULL,'L1'),(44,15,46,32,'2025-2026',1,'TD',NULL,'L1'),(45,15,46,31,'2025-2026',1,'TD',NULL,'L1'),(46,16,49,NULL,'2025-2026',1,'CM','Section 1','L1'),(47,17,47,NULL,'2025-2026',1,'CM','Section 3','L1'),(48,2,88,NULL,'2025-2026',1,'CM','Section 3','L1'),(49,18,49,NULL,'2025-2026',1,'CM','Section 2','L1'),(50,7,47,NULL,'2025-2026',1,'CM','Section 2','L1'),(51,7,47,30,'2025-2026',1,'TD',NULL,'L1'),(52,18,49,22,'2025-2026',1,'TD',NULL,'L1'),(53,18,49,26,'2025-2026',1,'TD',NULL,'L1'),(54,16,49,27,'2025-2026',1,'TD',NULL,'L1'),(55,13,48,31,'2025-2026',1,'TD',NULL,'L1'),(56,13,48,23,'2025-2026',1,'TD',NULL,'L1'),(57,13,48,27,'2025-2026',1,'TD',NULL,'L1'),(58,19,46,29,'2025-2026',1,'TD',NULL,'L1'),(59,19,46,26,'2025-2026',1,'TD',NULL,'L1'),(60,20,47,33,'2025-2026',1,'TD',NULL,'L1'),(61,20,47,26,'2025-2026',1,'TD',NULL,'L1'),(62,21,48,24,'2025-2026',1,'TD',NULL,'L1'),(63,21,48,32,'2025-2026',1,'TD',NULL,'L1'),(64,21,48,28,'2025-2026',1,'TD',NULL,'L1'),(65,12,46,24,'2025-2026',1,'TD',NULL,'L1'),(66,22,47,27,'2025-2026',1,'TD',NULL,'L1'),(67,22,47,22,'2025-2026',1,'TD',NULL,'L1'),(68,23,47,31,'2025-2026',1,'TD',NULL,'L1'),(69,23,47,32,'2025-2026',1,'TD',NULL,'L1'),(70,24,46,23,'2025-2026',1,'TD',NULL,'L1'),(71,24,46,28,'2025-2026',1,'TD',NULL,'L1'),(72,25,48,NULL,'2025-2026',1,'CM','Section 2','L1'),(73,16,49,28,'2025-2026',1,'TD',NULL,'L1'),(74,26,49,30,'2025-2026',1,'TD',NULL,'L1'),(75,16,49,32,'2025-2026',1,'TD',NULL,'L1'),(76,21,48,25,'2025-2026',1,'TD',NULL,'L1'),(77,16,49,33,'2025-2026',1,'TD',NULL,'L1'),(78,21,48,33,'2025-2026',1,'TD',NULL,'L1'),(79,26,49,29,'2025-2026',1,'TD',NULL,'L1'),(80,21,48,29,'2025-2026',1,'TD',NULL,'L1'),(81,26,49,31,'2025-2026',1,'TD',NULL,'L1'),(82,27,48,22,'2025-2026',1,'TP',NULL,'L1'),(83,27,48,23,'2025-2026',1,'TP',NULL,'L1'),(84,27,48,24,'2025-2026',1,'TP',NULL,'L1'),(85,28,48,27,'2025-2026',1,'TP',NULL,'L1'),(86,28,48,26,'2025-2026',1,'TP',NULL,'L1'),(87,28,48,25,'2025-2026',1,'TP',NULL,'L1'),(88,29,46,22,'2025-2026',1,'TD',NULL,'L1'),(89,29,46,27,'2025-2026',1,'TD',NULL,'L1'),(90,26,49,23,'2025-2026',1,'TD',NULL,'L1'),(91,26,49,24,'2025-2026',1,'TD',NULL,'L1'),(92,26,49,25,'2025-2026',1,'TD',NULL,'L1'),(93,30,47,24,'2025-2026',1,'TD',NULL,'L1'),(94,30,47,25,'2025-2026',1,'TD',NULL,'L1'),(95,31,47,28,'2025-2026',1,'TD',NULL,'L1'),(96,27,48,28,'2025-2026',1,'TP',NULL,'L1'),(97,27,48,29,'2025-2026',1,'TP',NULL,'L1'),(98,27,48,30,'2025-2026',1,'TP',NULL,'L1'),(99,28,48,31,'2025-2026',1,'TP',NULL,'L1'),(100,28,48,32,'2025-2026',1,'TP',NULL,'L1'),(101,28,48,33,'2025-2026',1,'TP',NULL,'L1'),(102,6,89,NULL,'2025-2026',1,'CM','Section 1','L1'),(103,5,91,NULL,'2025-2026',1,'TP','Section 1','L1'),(104,11,53,NULL,'2025-2026',1,'CM','Section 3','L1'),(105,11,53,33,'2025-2026',1,'TD',NULL,'L1'),(106,32,55,NULL,'2025-2026',1,'CM','Section 3','L1'),(107,33,91,NULL,'2025-2026',1,'CM','Section 3','L1'),(108,34,92,NULL,'2025-2026',1,'CM','Section 3','L1'),(109,35,90,NULL,'2025-2026',1,'CM','Section 2','L1'),(110,7,53,NULL,'2025-2026',1,'CM','Section 2','L1'),(111,5,54,23,'2025-2026',1,'TD',NULL,'L1'),(112,13,55,22,'2025-2026',1,'TD',NULL,'L1'),(113,13,55,30,'2025-2026',1,'TD',NULL,'L1'),(114,13,55,26,'2025-2026',1,'TD',NULL,'L1'),(115,5,90,33,'2025-2026',1,'TD',NULL,'L1'),(116,5,90,24,'2025-2026',1,'TD',NULL,'L1'),(117,36,90,32,'2025-2026',1,'TD',NULL,'L1'),(118,36,90,29,'2025-2026',1,'TD',NULL,'L1'),(119,5,54,29,'2025-2026',1,'TD',NULL,'L1'),(120,7,53,25,'2025-2026',1,'TD',NULL,'L1'),(121,35,90,25,'2025-2026',1,'TD',NULL,'L1'),(122,27,55,23,'2025-2026',1,'TP',NULL,'L1'),(123,27,55,22,'2025-2026',1,'TP',NULL,'L1'),(124,37,55,23,'2025-2026',1,'TP',NULL,'L1'),(125,37,55,22,'2025-2026',1,'TP',NULL,'L1'),(126,18,56,NULL,'2025-2026',1,'CM','Section 1','L1'),(127,5,93,NULL,'2025-2026',1,'CM','Section 3','L1'),(128,38,92,NULL,'2025-2026',1,'CM','Section 3','L1'),(129,16,56,NULL,'2025-2026',1,'CM','Section 2','L1'),(130,17,54,NULL,'2025-2026',1,'CM','Section 1','L1'),(131,16,56,22,'2025-2026',1,'TD',NULL,'L1'),(132,16,56,26,'2025-2026',1,'TD',NULL,'L1'),(133,18,56,33,'2025-2026',1,'TD',NULL,'L1'),(134,13,55,31,'2025-2026',1,'TD',NULL,'L1'),(135,13,55,23,'2025-2026',1,'TD',NULL,'L1'),(136,13,55,27,'2025-2026',1,'TD',NULL,'L1'),(137,5,54,33,'2025-2026',1,'TD',NULL,'L1'),(138,17,54,24,'2025-2026',1,'TD',NULL,'L1'),(139,32,55,28,'2025-2026',1,'TP',NULL,'L1'),(140,32,55,30,'2025-2026',1,'TP',NULL,'L1'),(141,5,55,28,'2025-2026',1,'TP',NULL,'L1'),(142,5,55,30,'2025-2026',1,'TP',NULL,'L1'),(143,11,53,30,'2025-2026',1,'TD',NULL,'L1'),(144,31,54,NULL,'2025-2026',1,'CM','Section 2','L1'),(145,36,90,NULL,'2025-2026',1,'CM','Section 3','L1'),(146,31,54,33,'2025-2026',1,'TD',NULL,'L1'),(147,36,90,27,'2025-2026',1,'TD',NULL,'L1'),(148,5,53,26,'2025-2026',1,'TD',NULL,'L1'),(149,5,54,26,'2025-2026',1,'TD',NULL,'L1'),(150,21,55,24,'2025-2026',1,'TD',NULL,'L1'),(151,21,55,32,'2025-2026',1,'TD',NULL,'L1'),(152,21,55,28,'2025-2026',1,'TD',NULL,'L1'),(153,5,53,24,'2025-2026',1,'TD',NULL,'L1'),(154,5,53,29,'2025-2026',1,'TD',NULL,'L1'),(155,32,55,24,'2025-2026',1,'TP',NULL,'L1'),(156,32,55,25,'2025-2026',1,'TP',NULL,'L1'),(157,5,55,24,'2025-2026',1,'TP',NULL,'L1'),(158,5,55,25,'2025-2026',1,'TP',NULL,'L1'),(159,5,53,28,'2025-2026',1,'TD',NULL,'L1'),(160,18,56,27,'2025-2026',1,'TD',NULL,'L1'),(161,18,56,28,'2025-2026',1,'TD',NULL,'L1'),(162,25,55,NULL,'2025-2026',1,'CM','Section 2','L1'),(163,5,53,23,'2025-2026',1,'TD',NULL,'L1'),(164,18,56,32,'2025-2026',1,'TD',NULL,'L1'),(165,5,53,32,'2025-2026',1,'TD',NULL,'L1'),(166,5,54,32,'2025-2026',1,'TD',NULL,'L1'),(167,26,56,29,'2025-2026',1,'TD',NULL,'L1'),(168,21,55,29,'2025-2026',1,'TD',NULL,'L1'),(169,26,56,31,'2025-2026',1,'TD',NULL,'L1'),(170,5,54,31,'2025-2026',1,'TD',NULL,'L1'),(171,21,55,25,'2025-2026',1,'TD',NULL,'L1'),(172,26,56,30,'2025-2026',1,'TD',NULL,'L1'),(173,21,55,33,'2025-2026',1,'TD',NULL,'L1'),(174,5,54,27,'2025-2026',1,'TD',NULL,'L1'),(175,39,54,22,'2025-2026',1,'TD',NULL,'L1'),(176,27,55,27,'2025-2026',1,'TP',NULL,'L1'),(177,27,55,26,'2025-2026',1,'TP',NULL,'L1'),(178,28,55,27,'2025-2026',1,'TP',NULL,'L1'),(179,28,55,26,'2025-2026',1,'TP',NULL,'L1'),(180,40,54,NULL,'2025-2026',1,'CM','Section 3','L1'),(181,5,54,28,'2025-2026',1,'TD',NULL,'L1'),(182,30,90,28,'2025-2026',1,'TD',NULL,'L1'),(183,30,54,30,'2025-2026',1,'TD',NULL,'L1'),(184,5,53,31,'2025-2026',1,'TD',NULL,'L1'),(185,26,56,23,'2025-2026',1,'TD',NULL,'L1'),(186,36,90,23,'2025-2026',1,'TD',NULL,'L1'),(187,26,56,24,'2025-2026',1,'TD',NULL,'L1'),(188,41,53,22,'2025-2026',1,'TD',NULL,'L1'),(189,41,90,22,'2025-2026',1,'TD',NULL,'L1'),(190,30,90,30,'2025-2026',1,'TD',NULL,'L1'),(191,41,90,27,'2025-2026',1,'TD',NULL,'L1'),(192,5,53,27,'2025-2026',1,'TD',NULL,'L1'),(193,36,90,31,'2025-2026',1,'TD',NULL,'L1'),(194,36,90,26,'2025-2026',1,'TD',NULL,'L1'),(195,40,54,25,'2025-2026',1,'TD',NULL,'L1'),(196,27,55,31,'2025-2026',1,'TP',NULL,'L1'),(197,27,55,32,'2025-2026',1,'TP',NULL,'L1'),(198,27,55,33,'2025-2026',1,'TP',NULL,'L1'),(199,27,55,29,'2025-2026',1,'TP',NULL,'L1'),(200,28,55,31,'2025-2026',1,'TP',NULL,'L1'),(201,28,55,32,'2025-2026',1,'TP',NULL,'L1'),(202,28,55,33,'2025-2026',1,'TP',NULL,'L1'),(203,28,55,29,'2025-2026',1,'TP',NULL,'L1'),(204,42,66,34,'2025-2026',1,'CM',NULL,'L2'),(205,42,66,35,'2025-2026',1,'CM',NULL,'L2'),(206,42,66,37,'2025-2026',1,'CM',NULL,'L2'),(207,42,66,36,'2025-2026',1,'CM',NULL,'L2'),(208,42,66,38,'2025-2026',1,'CM',NULL,'L2'),(209,43,60,NULL,'2025-2026',1,'CM','Section 1','L2'),(210,44,65,NULL,'2025-2026',1,'CM','Section 1','L2'),(211,45,61,NULL,'2025-2026',1,'CM','Section 1','L2'),(212,46,61,42,'2025-2026',1,'TD',NULL,'L2'),(213,47,60,40,'2025-2026',1,'TD',NULL,'L2'),(214,48,63,39,'2025-2026',1,'TD',NULL,'L2'),(215,43,60,39,'2025-2026',1,'TD',NULL,'L2'),(216,49,61,39,'2025-2026',1,'TD',NULL,'L2'),(217,49,61,37,'2025-2026',1,'TD',NULL,'L2'),(218,49,61,38,'2025-2026',1,'TD',NULL,'L2'),(219,47,60,37,'2025-2026',1,'TD',NULL,'L2'),(220,47,60,43,'2025-2026',1,'TD',NULL,'L2'),(221,46,61,43,'2025-2026',1,'TD',NULL,'L2'),(222,50,63,43,'2025-2026',1,'TD',NULL,'L2'),(223,50,63,40,'2025-2026',1,'TD',NULL,'L2'),(224,51,61,38,'2025-2026',1,'TP',NULL,'L2'),(225,51,61,41,'2025-2026',1,'TP',NULL,'L2'),(226,52,60,41,'2025-2026',1,'TP',NULL,'L2'),(227,52,60,35,'2025-2026',1,'TP',NULL,'L2'),(228,53,61,40,'2025-2026',1,'TP',NULL,'L2'),(229,53,61,37,'2025-2026',1,'TP',NULL,'L2'),(230,54,60,37,'2025-2026',1,'TP',NULL,'L2'),(231,54,60,36,'2025-2026',1,'TP',NULL,'L2'),(232,55,62,NULL,'2025-2026',1,'CM','Section 2','L2'),(233,56,62,42,'2025-2026',1,'TD',NULL,'L2'),(234,43,60,42,'2025-2026',1,'TD',NULL,'L2'),(235,57,63,41,'2025-2026',1,'TD',NULL,'L2'),(236,56,62,41,'2025-2026',1,'TD',NULL,'L2'),(237,49,61,35,'2025-2026',1,'TD',NULL,'L2'),(238,55,62,35,'2025-2026',1,'TD',NULL,'L2'),(239,49,61,36,'2025-2026',1,'TD',NULL,'L2'),(240,57,63,36,'2025-2026',1,'TD',NULL,'L2'),(241,49,61,34,'2025-2026',1,'TD',NULL,'L2'),(242,57,63,40,'2025-2026',1,'TD',NULL,'L2'),(243,55,62,34,'2025-2026',1,'TD',NULL,'L2'),(244,58,61,36,'2025-2026',1,'TP',NULL,'L2'),(245,58,61,34,'2025-2026',1,'TP',NULL,'L2'),(246,59,61,43,'2025-2026',1,'TP',NULL,'L2'),(247,59,61,35,'2025-2026',1,'TP',NULL,'L2'),(248,60,63,NULL,'2025-2026',1,'CM','Section 1','L2'),(249,33,64,NULL,'2025-2026',1,'CM','Section 1','L2'),(250,61,65,34,'2025-2026',1,'TD',NULL,'L2'),(251,61,65,35,'2025-2026',1,'TD',NULL,'L2'),(252,47,60,41,'2025-2026',1,'TD',NULL,'L2'),(253,62,62,37,'2025-2026',1,'TD',NULL,'L2'),(254,57,63,37,'2025-2026',1,'TD',NULL,'L2'),(255,57,63,42,'2025-2026',1,'TD',NULL,'L2'),(256,63,65,42,'2025-2026',1,'TD',NULL,'L2'),(257,63,65,40,'2025-2026',1,'TD',NULL,'L2'),(258,47,60,38,'2025-2026',1,'TD',NULL,'L2'),(259,62,62,38,'2025-2026',1,'TD',NULL,'L2'),(260,64,65,38,'2025-2026',1,'TD',NULL,'L2'),(261,62,62,39,'2025-2026',1,'TD',NULL,'L2'),(262,64,65,36,'2025-2026',1,'TD',NULL,'L2'),(263,65,60,38,'2025-2026',1,'TP',NULL,'L2'),(264,65,60,43,'2025-2026',1,'TP',NULL,'L2'),(265,66,60,40,'2025-2026',1,'TP',NULL,'L2'),(266,66,60,42,'2025-2026',1,'TP',NULL,'L2'),(267,67,64,39,'2025-2026',1,'TP',NULL,'L2'),(268,67,64,41,'2025-2026',1,'TP',NULL,'L2'),(269,68,60,35,'2025-2026',1,'TD',NULL,'L2'),(270,60,63,35,'2025-2026',1,'TD',NULL,'L2'),(271,62,62,NULL,'2025-2026',1,'CM','Section 3','L2'),(272,69,65,41,'2025-2026',1,'TD',NULL,'L2'),(273,56,62,36,'2025-2026',1,'TD',NULL,'L2'),(274,62,62,43,'2025-2026',1,'TD',NULL,'L2'),(275,69,65,43,'2025-2026',1,'TD',NULL,'L2'),(276,60,63,34,'2025-2026',1,'TD',NULL,'L2'),(277,68,60,34,'2025-2026',1,'TD',NULL,'L2'),(278,68,60,36,'2025-2026',1,'TD',NULL,'L2'),(279,46,61,40,'2025-2026',1,'TD',NULL,'L2'),(280,46,61,41,'2025-2026',1,'TD',NULL,'L2'),(281,62,62,40,'2025-2026',1,'TD',NULL,'L2'),(282,70,64,40,'2025-2026',1,'TP',NULL,'L2'),(283,70,64,34,'2025-2026',1,'TP',NULL,'L2'),(284,71,60,39,'2025-2026',1,'TP',NULL,'L2'),(285,71,60,34,'2025-2026',1,'TP',NULL,'L2'),(286,72,64,43,'2025-2026',1,'TP',NULL,'L2'),(287,72,64,36,'2025-2026',1,'TP',NULL,'L2'),(288,73,64,35,'2025-2026',1,'TP',NULL,'L2'),(289,73,64,38,'2025-2026',1,'TP',NULL,'L2'),(290,46,61,NULL,'2025-2026',1,'CM','Section 3','L2'),(291,61,65,39,'2025-2026',1,'TD',NULL,'L2'),(292,61,65,37,'2025-2026',1,'TD',NULL,'L2'),(293,74,64,42,'2025-2026',1,'TP',NULL,'L2'),(294,74,64,37,'2025-2026',1,'TP',NULL,'L2'),(295,75,61,42,'2025-2026',1,'TP',NULL,'L2'),(296,75,61,39,'2025-2026',1,'TP',NULL,'L2'),(297,42,73,34,'2025-2026',1,'CM',NULL,'L2'),(298,42,73,35,'2025-2026',1,'CM',NULL,'L2'),(299,42,73,37,'2025-2026',1,'CM',NULL,'L2'),(300,42,73,36,'2025-2026',1,'CM',NULL,'L2'),(301,42,73,38,'2025-2026',1,'CM',NULL,'L2'),(302,76,68,NULL,'2025-2026',1,'CM','Section 1','L2'),(303,77,67,NULL,'2025-2026',1,'CM','Section 1','L2'),(304,78,69,NULL,'2025-2026',1,'CM','Section 1','L2'),(305,79,72,NULL,'2025-2026',1,'CM','Section 1','L2'),(306,80,67,39,'2025-2026',1,'TD',NULL,'L2'),(307,76,68,43,'2025-2026',1,'TD',NULL,'L2'),(308,76,68,42,'2025-2026',1,'TD',NULL,'L2'),(309,81,70,39,'2025-2026',1,'TD',NULL,'L2'),(310,82,68,40,'2025-2026',1,'TD',NULL,'L2'),(311,80,67,40,'2025-2026',1,'TD',NULL,'L2'),(312,81,70,43,'2025-2026',1,'TD',NULL,'L2'),(313,49,69,40,'2025-2026',1,'TD',NULL,'L2'),(314,49,69,39,'2025-2026',1,'TD',NULL,'L2'),(315,78,69,42,'2025-2026',1,'TD',NULL,'L2'),(316,78,69,41,'2025-2026',1,'TD',NULL,'L2'),(317,77,67,41,'2025-2026',1,'TD',NULL,'L2'),(318,74,72,43,'2025-2026',1,'TP',NULL,'L2'),(319,74,72,42,'2025-2026',1,'TP',NULL,'L2'),(320,79,72,39,'2025-2026',1,'TP',NULL,'L2'),(321,79,72,40,'2025-2026',1,'TP',NULL,'L2'),(322,81,70,NULL,'2025-2026',1,'CM','Section 2','L2'),(323,43,71,NULL,'2025-2026',1,'CM','Section 2','L2'),(324,46,71,NULL,'2025-2026',1,'CM','Section 1','L2'),(325,82,68,34,'2025-2026',1,'TD',NULL,'L2'),(326,62,70,34,'2025-2026',1,'TD',NULL,'L2'),(327,80,67,35,'2025-2026',1,'TD',NULL,'L2'),(328,82,68,35,'2025-2026',1,'TD',NULL,'L2'),(329,62,70,35,'2025-2026',1,'TD',NULL,'L2'),(330,62,70,37,'2025-2026',1,'TD',NULL,'L2'),(331,80,67,37,'2025-2026',1,'TD',NULL,'L2'),(332,82,68,36,'2025-2026',1,'TD',NULL,'L2'),(333,46,71,36,'2025-2026',1,'TP',NULL,'L2'),(334,46,71,38,'2025-2026',1,'TP',NULL,'L2'),(335,43,71,42,'2025-2026',1,'TP',NULL,'L2'),(336,43,71,40,'2025-2026',1,'TP',NULL,'L2'),(337,62,70,NULL,'2025-2026',1,'CM','Section 1','L2'),(338,62,70,36,'2025-2026',1,'TD',NULL,'L2'),(339,83,68,39,'2025-2026',1,'TD',NULL,'L2'),(340,83,68,41,'2025-2026',1,'TD',NULL,'L2'),(341,81,70,41,'2025-2026',1,'TD',NULL,'L2'),(342,81,70,40,'2025-2026',1,'TD',NULL,'L2'),(343,81,70,42,'2025-2026',1,'TD',NULL,'L2'),(344,84,67,42,'2025-2026',1,'TD',NULL,'L2'),(345,84,67,34,'2025-2026',1,'TD',NULL,'L2'),(346,84,67,43,'2025-2026',1,'TD',NULL,'L2'),(347,55,69,43,'2025-2026',1,'TD',NULL,'L2'),(348,84,67,38,'2025-2026',1,'TD',NULL,'L2'),(349,43,71,39,'2025-2026',1,'TP',NULL,'L2'),(350,43,71,43,'2025-2026',1,'TP',NULL,'L2'),(351,85,72,38,'2025-2026',1,'TP',NULL,'L2'),(352,85,72,41,'2025-2026',1,'TP',NULL,'L2'),(353,43,71,41,'2025-2026',1,'TP',NULL,'L2'),(354,77,67,36,'2025-2026',1,'TD',NULL,'L2'),(355,76,68,37,'2025-2026',1,'TD',NULL,'L2'),(356,76,68,38,'2025-2026',1,'TD',NULL,'L2'),(357,55,69,35,'2025-2026',1,'TD',NULL,'L2'),(358,55,69,38,'2025-2026',1,'TD',NULL,'L2'),(359,55,69,37,'2025-2026',1,'TD',NULL,'L2'),(360,49,69,34,'2025-2026',1,'TD',NULL,'L2'),(361,49,69,36,'2025-2026',1,'TD',NULL,'L2'),(362,62,70,38,'2025-2026',1,'TD',NULL,'L2'),(363,86,69,34,'2025-2026',1,'TP',NULL,'L2'),(364,86,69,35,'2025-2026',1,'TP',NULL,'L2'),(365,87,72,35,'2025-2026',1,'TP',NULL,'L2'),(366,5,70,41,'2025-2026',1,'TP',NULL,'L2'),(367,88,69,37,'2025-2026',1,'TP',NULL,'L2'),(368,88,69,36,'2025-2026',1,'TP',NULL,'L2'),(369,79,72,34,'2025-2026',1,'TP',NULL,'L2'),(370,87,72,36,'2025-2026',1,'TP',NULL,'L2'),(371,79,72,37,'2025-2026',1,'TP',NULL,'L2'),(372,46,71,34,'2025-2026',1,'TP',NULL,'L2'),(373,46,71,37,'2025-2026',1,'TP',NULL,'L2'),(374,46,71,35,'2025-2026',1,'TP',NULL,'L2'),(375,89,69,38,'2025-2026',1,'TP',NULL,'L2'),(376,89,69,43,'2025-2026',1,'TP',NULL,'L2'),(377,66,69,40,'2025-2026',1,'TP',NULL,'L2'),(378,66,69,41,'2025-2026',1,'TP',NULL,'L2'),(379,90,69,42,'2025-2026',1,'TP',NULL,'L2'),(380,90,69,39,'2025-2026',1,'TP',NULL,'L2'),(381,5,72,37,'2025-2026',1,'TP',NULL,'L2'),(382,91,80,44,'2025-2026',1,'CM',NULL,'L3'),(383,91,80,45,'2025-2026',1,'CM',NULL,'L3'),(384,92,79,NULL,'2025-2026',1,'CM','Section 1','L3'),(385,80,75,NULL,'2025-2026',1,'CM','Section 1','L3'),(386,83,74,NULL,'2025-2026',1,'CM','Section 1','L3'),(387,83,74,47,'2025-2026',1,'TD',NULL,'L3'),(388,68,74,47,'2025-2026',1,'TD',NULL,'L3'),(389,68,74,46,'2025-2026',1,'TD',NULL,'L3'),(390,93,78,NULL,'2025-2026',1,'CM','Section 2','L3'),(391,94,77,NULL,'2025-2026',1,'CM','Section 2','L3'),(392,95,76,NULL,'2025-2026',1,'CM','Section 2','L3'),(393,96,76,45,'2025-2026',1,'TD',NULL,'L3'),(394,81,78,45,'2025-2026',1,'TD',NULL,'L3'),(395,81,78,44,'2025-2026',1,'TD',NULL,'L3'),(396,96,76,44,'2025-2026',1,'TD',NULL,'L3'),(397,93,78,46,'2025-2026',1,'TD',NULL,'L3'),(398,97,75,46,'2025-2026',1,'TD',NULL,'L3'),(399,92,79,46,'2025-2026',1,'TD',NULL,'L3'),(400,97,75,47,'2025-2026',1,'TD',NULL,'L3'),(401,92,79,47,'2025-2026',1,'TD',NULL,'L3'),(402,5,74,44,'2025-2026',1,'TP',NULL,'L3'),(403,5,74,46,'2025-2026',1,'TP',NULL,'L3'),(404,5,77,48,'2025-2026',1,'TP',NULL,'L3'),(405,68,74,45,'2025-2026',1,'TD',NULL,'L3'),(406,68,74,44,'2025-2026',1,'TD',NULL,'L3'),(407,81,78,47,'2025-2026',1,'TD',NULL,'L3'),(408,47,76,47,'2025-2026',1,'TD',NULL,'L3'),(409,47,76,46,'2025-2026',1,'TD',NULL,'L3'),(410,5,75,46,'2025-2026',1,'TP',NULL,'L3'),(411,5,75,47,'2025-2026',1,'TP',NULL,'L3'),(412,5,74,47,'2025-2026',1,'TP',NULL,'L3'),(413,5,74,45,'2025-2026',1,'TP',NULL,'L3'),(414,5,75,44,'2025-2026',1,'TP',NULL,'L3'),(415,5,75,48,'2025-2026',1,'TP',NULL,'L3'),(416,5,75,45,'2025-2026',1,'TP',NULL,'L3'),(417,80,75,45,'2025-2026',1,'TD',NULL,'L3'),(418,92,79,45,'2025-2026',1,'TD',NULL,'L3'),(419,80,75,44,'2025-2026',1,'TD',NULL,'L3'),(420,92,79,44,'2025-2026',1,'TD',NULL,'L3'),(421,5,77,44,'2025-2026',1,'TP',NULL,'L3'),(422,5,77,45,'2025-2026',1,'TP',NULL,'L3'),(423,5,77,46,'2025-2026',1,'TP',NULL,'L3'),(424,5,77,47,'2025-2026',1,'TP',NULL,'L3'),(425,98,82,NULL,'2025-2026',1,'CM','Section 1','L3'),(426,99,81,NULL,'2025-2026',1,'CM','Section 1','L3'),(427,38,83,NULL,'2025-2026',1,'CM','Section 1','L3'),(428,97,84,NULL,'2025-2026',1,'CM','Section 1','L3'),(429,100,87,NULL,'2025-2026',1,'CM','Section 1','L3'),(430,56,82,44,'2025-2026',1,'TD',NULL,'L3'),(431,101,86,46,'2025-2026',1,'TD',NULL,'L3'),(432,101,86,44,'2025-2026',1,'TD',NULL,'L3'),(433,101,86,45,'2025-2026',1,'TD',NULL,'L3'),(434,101,86,47,'2025-2026',1,'TD',NULL,'L3'),(435,56,82,47,'2025-2026',1,'TD',NULL,'L3'),(436,98,82,45,'2025-2026',1,'TD',NULL,'L3'),(437,98,82,46,'2025-2026',1,'TD',NULL,'L3'),(438,5,83,46,'2025-2026',1,'TP',NULL,'L3'),(439,5,83,45,'2025-2026',1,'TP',NULL,'L3'),(440,5,83,47,'2025-2026',1,'TP',NULL,'L3'),(441,5,83,44,'2025-2026',1,'TP',NULL,'L3'),(442,102,84,45,'2025-2026',1,'TP',NULL,'L3'),(443,102,84,44,'2025-2026',1,'TP',NULL,'L3'),(444,102,84,46,'2025-2026',1,'TP',NULL,'L3'),(445,97,84,47,'2025-2026',1,'TP',NULL,'L3');
/*!40000 ALTER TABLE `affectations` ENABLE KEYS */;
UNLOCK TABLES;

--
-- Table structure for table `annonces`
--

DROP TABLE IF EXISTS `annonces`;
/*!40101 SET @saved_cs_client     = @@character_set_client */;
/*!50503 SET character_set_client = utf8mb4 */;
CREATE TABLE `annonces` (
  `id_annonce` int NOT NULL AUTO_INCREMENT,
  `id_enseignant` int NOT NULL,
  `id_groupe` int NOT NULL,
  `titre` varchar(255) NOT NULL,
  `contenu` text NOT NULL,
  `date_envoi` datetime DEFAULT CURRENT_TIMESTAMP,
  PRIMARY KEY (`id_annonce`),
  KEY `id_enseignant` (`id_enseignant`),
  KEY `id_groupe` (`id_groupe`),
  CONSTRAINT `annonces_ibfk_1` FOREIGN KEY (`id_enseignant`) REFERENCES `utilisateurs` (`id_utilisateur`) ON DELETE CASCADE,
  CONSTRAINT `annonces_ibfk_2` FOREIGN KEY (`id_groupe`) REFERENCES `groupes` (`id_groupe`) ON DELETE CASCADE
) ENGINE=InnoDB DEFAULT CHARSET=utf8mb4 COLLATE=utf8mb4_0900_ai_ci;
/*!40101 SET character_set_client = @saved_cs_client */;

--
-- Dumping data for table `annonces`
--

LOCK TABLES `annonces` WRITE;
/*!40000 ALTER TABLE `annonces` DISABLE KEYS */;
/*!40000 ALTER TABLE `annonces` ENABLE KEYS */;
UNLOCK TABLES;

--
-- Table structure for table `deliberations`
--

DROP TABLE IF EXISTS `deliberations`;
/*!40101 SET @saved_cs_client     = @@character_set_client */;
/*!50503 SET character_set_client = utf8mb4 */;
CREATE TABLE `deliberations` (
  `id_deliberation` int NOT NULL AUTO_INCREMENT,
  `id_etudiant` int NOT NULL,
  `annee_univ` varchar(20) NOT NULL,
  `niveau` varchar(5) NOT NULL,
  `semestre_1` varchar(5) DEFAULT NULL,
  `semestre_2` varchar(5) DEFAULT NULL,
  `moyenne_s1` decimal(4,2) DEFAULT NULL,
  `moyenne_s2` decimal(4,2) DEFAULT NULL,
  `moyenne_annuelle` decimal(4,2) DEFAULT NULL,
  `moyenne_originale` decimal(4,2) DEFAULT NULL,
  `credits_acquis` int DEFAULT '0',
  `credits_max` int DEFAULT '60',
  `seuil_rachat` decimal(4,2) DEFAULT NULL,
  `decision` enum('Admis(e) (session normale)','Admis(e) (session rattrapage)','Admis(e) (Rachat)','Admis(e) avec dettes','Ajourné(e)') NOT NULL,
  `rachat` tinyint DEFAULT '0',
  `delibere_par` int DEFAULT NULL,
  `date_deliberation` datetime DEFAULT CURRENT_TIMESTAMP,
  PRIMARY KEY (`id_deliberation`),
  UNIQUE KEY `unique_delib` (`id_etudiant`,`annee_univ`),
  CONSTRAINT `deliberations_ibfk_1` FOREIGN KEY (`id_etudiant`) REFERENCES `etudiants` (`id_etudiant`)
) ENGINE=InnoDB DEFAULT CHARSET=utf8mb4 COLLATE=utf8mb4_0900_ai_ci;
/*!40101 SET character_set_client = @saved_cs_client */;

--
-- Dumping data for table `deliberations`
--

LOCK TABLES `deliberations` WRITE;
/*!40000 ALTER TABLE `deliberations` DISABLE KEYS */;
/*!40000 ALTER TABLE `deliberations` ENABLE KEYS */;
UNLOCK TABLES;

--
-- Table structure for table `emploi_du_temps`
--

DROP TABLE IF EXISTS `emploi_du_temps`;
/*!40101 SET @saved_cs_client     = @@character_set_client */;
/*!50503 SET character_set_client = utf8mb4 */;
CREATE TABLE `emploi_du_temps` (
  `id_creneau` int NOT NULL AUTO_INCREMENT,
  `id_affectation` int NOT NULL,
  `jour` enum('Dimanche','Lundi','Mardi','Mercredi','Jeudi','Vendredi','Samedi') NOT NULL,
  `heure_debut` time NOT NULL,
  `heure_fin` time NOT NULL,
  `salle` varchar(50) DEFAULT NULL,
  `type_seance` enum('CM','TD','TP') NOT NULL,
  PRIMARY KEY (`id_creneau`),
  KEY `id_affectation` (`id_affectation`),
  CONSTRAINT `emploi_du_temps_ibfk_1` FOREIGN KEY (`id_affectation`) REFERENCES `affectations` (`id_affectation`) ON DELETE CASCADE
) ENGINE=InnoDB AUTO_INCREMENT=482 DEFAULT CHARSET=utf8mb4 COLLATE=utf8mb4_0900_ai_ci;
/*!40101 SET character_set_client = @saved_cs_client */;

--
-- Dumping data for table `emploi_du_temps`
--

LOCK TABLES `emploi_du_temps` WRITE;
/*!40000 ALTER TABLE `emploi_du_temps` DISABLE KEYS */;
INSERT INTO `emploi_du_temps` VALUES (1,29,'Samedi','08:00:00','09:30:00','EAD','CM'),(2,29,'Samedi','09:30:00','11:00:00','EAD','CM'),(3,29,'Samedi','11:00:00','12:30:00','EAD','CM'),(4,30,'Samedi','13:15:00','14:45:00','EAD','TP'),(5,30,'Samedi','14:45:00','16:15:00','EAD','TP'),(6,31,'Dimanche','08:00:00','09:30:00','Amphi 3','TD'),(7,32,'Dimanche','09:30:00','11:00:00','Amphi 3','TD'),(8,33,'Dimanche','11:00:00','12:30:00','Amphi 3','CM'),(9,34,'Dimanche','13:15:00','14:45:00','Amphi 3','CM'),(10,35,'Dimanche','14:45:00','16:15:00','Amphi 3','CM'),(11,36,'Dimanche','08:00:00','09:30:00','Amphi 4','CM'),(12,37,'Dimanche','09:30:00','11:00:00','Amphi 4','CM'),(13,37,'Dimanche','11:00:00','12:30:00','Amphi 4','CM'),(14,35,'Dimanche','13:15:00','14:45:00','Amphi 4','CM'),(15,34,'Dimanche','14:45:00','16:15:00','Amphi 4','CM'),(16,38,'Dimanche','08:00:00','09:30:00','GS2','TD'),(17,39,'Dimanche','09:30:00','11:00:00','GS2','TD'),(18,40,'Dimanche','11:00:00','12:30:00','GS2','TD'),(19,41,'Dimanche','13:15:00','14:45:00','GS2','TD'),(20,42,'Dimanche','08:00:00','09:30:00','GS7','TD'),(21,43,'Dimanche','09:30:00','11:00:00','GS7','TD'),(22,44,'Dimanche','11:00:00','12:30:00','GS7','TD'),(23,45,'Dimanche','13:15:00','14:45:00','GS7','TD'),(24,46,'Lundi','08:00:00','09:30:00','Amphi 3','CM'),(25,46,'Lundi','09:30:00','11:00:00','Amphi 3','CM'),(26,47,'Lundi','11:00:00','12:30:00','Amphi 3','CM'),(27,48,'Lundi','13:15:00','14:45:00','Amphi 3','CM'),(28,49,'Lundi','08:00:00','09:30:00','Amphi 4','CM'),(29,50,'Lundi','09:30:00','11:00:00','Amphi 4','CM'),(30,50,'Lundi','11:00:00','12:30:00','Amphi 4','CM'),(31,51,'Lundi','08:00:00','09:30:00','GS2','TD'),(32,52,'Lundi','09:30:00','11:00:00','GS2','TD'),(33,53,'Lundi','11:00:00','12:30:00','GS2','TD'),(34,54,'Lundi','13:15:00','14:45:00','GS2','TD'),(35,55,'Lundi','08:00:00','09:30:00','GS7','TD'),(36,56,'Lundi','09:30:00','11:00:00','GS7','TD'),(37,57,'Lundi','11:00:00','12:30:00','GS7','TD'),(38,33,'Mardi','08:00:00','09:30:00','Amphi 3','CM'),(39,35,'Mardi','09:30:00','11:00:00','Amphi 3','CM'),(40,36,'Mardi','08:00:00','09:30:00','Amphi 4','CM'),(41,37,'Mardi','09:30:00','11:00:00','Amphi 4','CM'),(42,37,'Mardi','11:00:00','12:30:00','Amphi 4','CM'),(43,58,'Mardi','13:15:00','14:45:00','Amphi 4','TD'),(44,59,'Mardi','14:45:00','16:15:00','Amphi 4','TD'),(45,60,'Mardi','09:30:00','11:00:00','GS2','TD'),(46,61,'Mardi','11:00:00','12:30:00','GS2','TD'),(47,62,'Mardi','08:00:00','09:30:00','GS7','TD'),(48,63,'Mardi','09:30:00','11:00:00','GS7','TD'),(49,64,'Mardi','11:00:00','12:30:00','GS7','TD'),(50,65,'Mardi','13:15:00','14:45:00','GS7','TD'),(51,66,'Mercredi','08:00:00','09:30:00','Amphi 3','TD'),(52,67,'Mercredi','09:30:00','11:00:00','Amphi 3','TD'),(53,68,'Mercredi','11:00:00','12:30:00','Amphi 3','TD'),(54,69,'Mercredi','13:15:00','14:45:00','Amphi 3','TD'),(55,70,'Mercredi','08:00:00','09:30:00','Amphi 4','TD'),(56,71,'Mercredi','09:30:00','11:00:00','Amphi 4','TD'),(57,72,'Mercredi','11:00:00','12:30:00','Amphi 4','CM'),(58,72,'Mercredi','13:15:00','14:45:00','Amphi 4','CM'),(59,73,'Mercredi','08:00:00','09:30:00','GS2','TD'),(60,74,'Mercredi','09:30:00','11:00:00','GS2','TD'),(61,75,'Mercredi','11:00:00','12:30:00','GS2','TD'),(62,76,'Mercredi','08:00:00','09:30:00','GS7','TD'),(63,77,'Mercredi','09:30:00','11:00:00','GS7','TD'),(64,78,'Mercredi','11:00:00','12:30:00','GS7','TD'),(65,79,'Mercredi','08:00:00','09:30:00','313','TD'),(66,80,'Mercredi','09:30:00','11:00:00','313','TD'),(67,81,'Mercredi','11:00:00','12:30:00','313','TD'),(68,82,'Mercredi','08:00:00','09:30:00','Salle P1','TP'),(69,83,'Mercredi','09:30:00','11:00:00','Salle P1','TP'),(70,84,'Mercredi','11:00:00','12:30:00','Salle P1','TP'),(71,85,'Mercredi','08:00:00','09:30:00','Salle P2','TP'),(72,86,'Mercredi','09:30:00','11:00:00','Salle P2','TP'),(73,87,'Mercredi','11:00:00','12:30:00','Salle P2','TP'),(74,88,'Jeudi','08:00:00','09:30:00','Amphi 4','TD'),(75,89,'Jeudi','09:30:00','11:00:00','Amphi 4','TD'),(76,72,'Jeudi','11:00:00','12:30:00','Amphi 4','CM'),(77,72,'Jeudi','13:15:00','14:45:00','Amphi 4','CM'),(78,90,'Jeudi','08:00:00','09:30:00','GS2','TD'),(79,91,'Jeudi','09:30:00','11:00:00','GS2','TD'),(80,92,'Jeudi','11:00:00','12:30:00','GS2','TD'),(81,93,'Jeudi','08:00:00','09:30:00','GS7','TD'),(82,94,'Jeudi','09:30:00','11:00:00','GS7','TD'),(83,95,'Jeudi','11:00:00','12:30:00','GS7','TD'),(84,96,'Jeudi','08:00:00','09:30:00','Salle P1','TP'),(85,97,'Jeudi','09:30:00','11:00:00','Salle P1','TP'),(86,98,'Jeudi','11:00:00','12:30:00','Salle P1','TP'),(87,99,'Jeudi','08:00:00','09:30:00','Salle P2','TP'),(88,100,'Jeudi','09:30:00','11:00:00','Salle P2','TP'),(89,101,'Jeudi','11:00:00','12:30:00','Salle P2','TP'),(90,102,'Samedi','08:00:00','09:30:00','EAD','CM'),(91,102,'Samedi','09:30:00','11:00:00','EAD','CM'),(92,102,'Samedi','11:00:00','12:30:00','EAD','CM'),(93,103,'Samedi','13:15:00','14:45:00','EAD','TP'),(94,103,'Samedi','14:45:00','16:15:00','EAD','TP'),(95,104,'Dimanche','08:00:00','09:30:00','Amphi 3','CM'),(96,105,'Dimanche','09:30:00','11:00:00','Amphi 3','TD'),(97,106,'Dimanche','11:00:00','12:30:00','Amphi 3','CM'),(98,107,'Dimanche','13:15:00','14:45:00','Amphi 3','CM'),(99,108,'Dimanche','14:45:00','16:15:00','Amphi 3','CM'),(100,109,'Dimanche','08:00:00','09:30:00','Amphi 4','CM'),(101,110,'Dimanche','09:30:00','11:00:00','Amphi 4','CM'),(102,110,'Dimanche','11:00:00','12:30:00','Amphi 4','CM'),(103,108,'Dimanche','13:15:00','14:45:00','Amphi 4','CM'),(104,107,'Dimanche','14:45:00','16:15:00','Amphi 4','CM'),(105,111,'Dimanche','09:30:00','11:00:00','GS2','TD'),(106,112,'Dimanche','08:00:00','09:30:00','Info1','TD'),(107,113,'Dimanche','09:30:00','11:00:00','Info1','TD'),(108,114,'Dimanche','11:00:00','12:30:00','Info1','TD'),(109,115,'Dimanche','13:15:00','14:45:00','Info1','TD'),(110,116,'Dimanche','08:00:00','09:30:00','Info2','TD'),(111,117,'Dimanche','09:30:00','11:00:00','Info2','TD'),(112,118,'Dimanche','11:00:00','12:30:00','Info2','TD'),(113,119,'Dimanche','13:15:00','14:45:00','Info2','TD'),(114,120,'Dimanche','08:00:00','09:30:00','Info3','TD'),(115,121,'Dimanche','09:30:00','11:00:00','Info3','TD'),(116,122,'Dimanche','08:00:00','09:30:00','Salle P1','TP'),(117,123,'Dimanche','09:30:00','11:00:00','Salle P1','TP'),(118,124,'Dimanche','08:00:00','09:30:00','Salle P2','TP'),(119,125,'Dimanche','09:30:00','11:00:00','Salle P2','TP'),(120,126,'Lundi','08:00:00','09:30:00','Amphi 3','CM'),(121,126,'Lundi','09:30:00','11:00:00','Amphi 3','CM'),(122,127,'Lundi','11:00:00','12:30:00','Amphi 3','CM'),(123,109,'Lundi','13:15:00','14:45:00','Amphi 3','CM'),(124,128,'Lundi','14:45:00','16:15:00','Amphi 3','CM'),(125,129,'Lundi','08:00:00','09:30:00','Amphi 4','CM'),(126,130,'Lundi','11:00:00','12:30:00','Amphi 4','CM'),(127,131,'Lundi','09:30:00','11:00:00','GS2','TD'),(128,132,'Lundi','11:00:00','12:30:00','GS2','TD'),(129,133,'Lundi','13:15:00','14:45:00','GS2','TD'),(130,134,'Lundi','08:00:00','09:30:00','GS7','TD'),(131,135,'Lundi','09:30:00','11:00:00','GS7','TD'),(132,136,'Lundi','11:00:00','12:30:00','GS7','TD'),(133,137,'Lundi','08:00:00','09:30:00','Info1','TD'),(134,138,'Lundi','09:30:00','11:00:00','Info1','TD'),(135,139,'Lundi','11:00:00','12:30:00','Salle P1','TP'),(136,140,'Lundi','13:15:00','14:45:00','Salle P1','TP'),(137,141,'Lundi','11:00:00','12:30:00','Salle P2','TP'),(138,142,'Lundi','13:15:00','14:45:00','Salle P2','TP'),(139,104,'Mardi','08:00:00','09:30:00','Amphi 3','CM'),(140,143,'Mardi','09:30:00','11:00:00','Amphi 3','TD'),(141,106,'Mardi','11:00:00','12:30:00','Amphi 3','CM'),(142,107,'Mardi','13:15:00','14:45:00','Amphi 3','CM'),(143,144,'Mardi','08:00:00','09:30:00','Amphi 4','CM'),(144,110,'Mardi','09:30:00','11:00:00','Amphi 4','CM'),(145,110,'Mardi','11:00:00','12:30:00','Amphi 4','CM'),(146,145,'Mardi','13:15:00','14:45:00','Amphi 4','CM'),(147,146,'Mardi','09:30:00','11:00:00','GS2','TD'),(148,147,'Mardi','11:00:00','12:30:00','GS2','TD'),(149,148,'Mardi','14:45:00','16:15:00','GS2','TD'),(150,149,'Mardi','11:00:00','12:30:00','GS7','TD'),(151,150,'Mardi','08:00:00','09:30:00','Info1','TD'),(152,151,'Mardi','09:30:00','11:00:00','Info1','TD'),(153,152,'Mardi','11:00:00','12:30:00','Info1','TD'),(154,153,'Mardi','13:15:00','14:45:00','Info1','TD'),(155,154,'Mardi','14:45:00','16:15:00','Info1','TD'),(156,155,'Mardi','09:30:00','11:00:00','Salle P1','TP'),(157,156,'Mardi','13:15:00','14:45:00','Salle P1','TP'),(158,157,'Mardi','09:30:00','11:00:00','Salle P2','TP'),(159,158,'Mardi','13:15:00','14:45:00','Salle P2','TP'),(160,159,'Mercredi','08:00:00','09:30:00','Amphi 3','TD'),(161,109,'Mercredi','09:30:00','11:00:00','Amphi 3','CM'),(162,127,'Mercredi','11:00:00','12:30:00','Amphi 3','CM'),(163,127,'Mercredi','13:15:00','14:45:00','Amphi 3','CM'),(164,160,'Mercredi','08:00:00','09:30:00','Amphi 4','TD'),(165,161,'Mercredi','09:30:00','11:00:00','Amphi 4','TD'),(166,162,'Mercredi','11:00:00','12:30:00','Amphi 4','CM'),(167,162,'Mercredi','13:15:00','14:45:00','Amphi 4','CM'),(168,163,'Mercredi','08:00:00','09:30:00','GS2','TD'),(169,164,'Mercredi','11:00:00','12:30:00','GS2','TD'),(170,165,'Mercredi','13:15:00','14:45:00','GS2','TD'),(171,166,'Mercredi','14:45:00','16:15:00','GS2','TD'),(172,167,'Mercredi','08:00:00','09:30:00','Info1','TD'),(173,168,'Mercredi','09:30:00','11:00:00','Info1','TD'),(174,169,'Mercredi','11:00:00','12:30:00','Info1','TD'),(175,170,'Mercredi','13:15:00','14:45:00','Info1','TD'),(176,171,'Mercredi','08:00:00','09:30:00','Info2','TD'),(177,172,'Mercredi','09:30:00','11:00:00','Info2','TD'),(178,173,'Mercredi','11:00:00','12:30:00','Info2','TD'),(179,174,'Mercredi','09:30:00','11:00:00','Info3','TD'),(180,175,'Mercredi','11:00:00','12:30:00','Info3','TD'),(181,176,'Mercredi','08:00:00','09:30:00','Salle P1','TP'),(182,177,'Mercredi','09:30:00','11:00:00','Salle P1','TP'),(183,178,'Mercredi','08:00:00','09:30:00','Salle P2','TP'),(184,179,'Mercredi','09:30:00','11:00:00','Salle P2','TP'),(185,180,'Jeudi','13:15:00','14:45:00','Amphi 3','CM'),(186,181,'Jeudi','08:00:00','09:30:00','Amphi 4','TD'),(187,182,'Jeudi','09:30:00','11:00:00','Amphi 4','TD'),(188,162,'Jeudi','11:00:00','12:30:00','Amphi 4','CM'),(189,162,'Jeudi','13:15:00','14:45:00','Amphi 4','CM'),(190,183,'Jeudi','08:00:00','09:30:00','GS2','TD'),(191,184,'Jeudi','09:30:00','11:00:00','GS7','TD'),(192,185,'Jeudi','08:00:00','09:30:00','Info1','TD'),(193,186,'Jeudi','09:30:00','11:00:00','Info1','TD'),(194,187,'Jeudi','11:00:00','12:30:00','Info1','TD'),(195,188,'Jeudi','08:00:00','09:30:00','Info2','TD'),(196,189,'Jeudi','09:30:00','11:00:00','Info2','TD'),(197,190,'Jeudi','11:00:00','12:30:00','Info2','TD'),(198,191,'Jeudi','08:00:00','09:30:00','Info3','TD'),(199,192,'Jeudi','09:30:00','11:00:00','Info3','TD'),(200,193,'Jeudi','11:00:00','12:30:00','Info3','TD'),(201,194,'Jeudi','13:15:00','14:45:00','Info3','TD'),(202,92,'Jeudi','09:30:00','11:00:00','Info4','TD'),(203,195,'Jeudi','11:00:00','12:30:00','Info4','TD'),(204,196,'Jeudi','08:00:00','09:30:00','Salle P1','TP'),(205,197,'Jeudi','09:30:00','11:00:00','Salle P1','TP'),(206,198,'Jeudi','11:00:00','12:30:00','Salle P1','TP'),(207,199,'Jeudi','13:15:00','14:45:00','Salle P1','TP'),(208,200,'Jeudi','08:00:00','09:30:00','Salle P2','TP'),(209,201,'Jeudi','09:30:00','11:00:00','Salle P2','TP'),(210,202,'Jeudi','11:00:00','12:30:00','Salle P2','TP'),(211,203,'Jeudi','13:15:00','14:45:00','Salle P2','TP'),(212,204,'Samedi','08:30:00','10:00:00','EAD','CM'),(213,205,'Samedi','10:00:00','11:30:00','EAD','CM'),(214,206,'Samedi','11:30:00','13:00:00','EAD','CM'),(215,207,'Samedi','14:00:00','15:30:00','EAD','CM'),(216,208,'Samedi','15:30:00','17:00:00','EAD','CM'),(217,209,'Dimanche','08:30:00','10:00:00','Amphi A1','CM'),(218,210,'Dimanche','10:00:00','11:30:00','Amphi A1','CM'),(219,211,'Dimanche','11:30:00','13:00:00','Amphi A1','CM'),(220,211,'Dimanche','14:00:00','15:30:00','Amphi A1','CM'),(221,212,'Dimanche','08:30:00','10:00:00','Amphi A2','TD'),(222,213,'Dimanche','10:00:00','11:30:00','Amphi A2','TD'),(223,214,'Dimanche','08:30:00','10:00:00','Amphi A6','TD'),(224,215,'Dimanche','10:00:00','11:30:00','Amphi A6','TD'),(225,216,'Dimanche','11:30:00','13:00:00','Amphi A6','TD'),(226,217,'Dimanche','08:30:00','10:00:00','Amphi A7','TD'),(227,218,'Dimanche','10:00:00','11:30:00','Amphi A7','TD'),(228,219,'Dimanche','11:30:00','13:00:00','Amphi A7','TD'),(229,220,'Dimanche','08:30:00','10:00:00','Amphi A8','TD'),(230,221,'Dimanche','10:00:00','11:30:00','Amphi A8','TD'),(231,222,'Dimanche','11:30:00','13:00:00','Amphi A8','TD'),(232,223,'Dimanche','14:00:00','15:30:00','Amphi A8','TD'),(233,224,'Dimanche','08:30:00','10:00:00','Salle TP A1','TP'),(234,225,'Dimanche','10:00:00','11:30:00','Salle TP A1','TP'),(235,226,'Dimanche','14:00:00','15:30:00','Salle TP A1','TP'),(236,227,'Dimanche','15:30:00','17:00:00','Salle TP A1','TP'),(237,228,'Dimanche','08:30:00','10:00:00','Salle TP A2','TP'),(238,229,'Dimanche','10:00:00','11:30:00','Salle TP A2','TP'),(239,230,'Dimanche','14:00:00','15:30:00','Salle TP A2','TP'),(240,231,'Dimanche','15:30:00','17:00:00','Salle TP A2','TP'),(241,209,'Lundi','08:30:00','10:00:00','Amphi A1','CM'),(242,232,'Lundi','10:00:00','11:30:00','Amphi A1','CM'),(243,210,'Lundi','11:30:00','13:00:00','Amphi A1','CM'),(244,210,'Lundi','14:00:00','15:30:00','Amphi A1','CM'),(245,233,'Lundi','08:30:00','10:00:00','Amphi A2','TD'),(246,234,'Lundi','10:00:00','11:30:00','Amphi A2','TD'),(247,209,'Lundi','11:30:00','13:00:00','Amphi A2','CM'),(248,235,'Lundi','08:30:00','10:00:00','Amphi A6','TD'),(249,236,'Lundi','10:00:00','11:30:00','Amphi A6','TD'),(250,237,'Lundi','11:30:00','13:00:00','Amphi A6','TD'),(251,238,'Lundi','08:30:00','10:00:00','Amphi A7','TD'),(252,239,'Lundi','10:00:00','11:30:00','Amphi A7','TD'),(253,240,'Lundi','11:30:00','13:00:00','Amphi A7','TD'),(254,241,'Lundi','08:30:00','10:00:00','Amphi A8','TD'),(255,242,'Lundi','10:00:00','11:30:00','Amphi A8','TD'),(256,243,'Lundi','11:30:00','13:00:00','Amphi A8','TD'),(257,244,'Lundi','08:30:00','10:00:00','Salle TP A1','TP'),(258,245,'Lundi','10:00:00','11:30:00','Salle TP A1','TP'),(259,246,'Lundi','08:30:00','10:00:00','Salle TP A2','TP'),(260,247,'Lundi','10:00:00','11:30:00','Salle TP A2','TP'),(261,248,'Mardi','08:30:00','10:00:00','Amphi A1','CM'),(262,249,'Mardi','10:00:00','11:30:00','Amphi A1','CM'),(263,250,'Mardi','11:30:00','13:00:00','Amphi A1','TD'),(264,251,'Mardi','14:00:00','15:30:00','Amphi A1','TD'),(265,249,'Mardi','08:30:00','10:00:00','Amphi A2','CM'),(266,248,'Mardi','10:00:00','11:30:00','Amphi A2','CM'),(267,252,'Mardi','11:30:00','13:00:00','Amphi A2','TD'),(268,253,'Mardi','08:30:00','10:00:00','Amphi A6','TD'),(269,254,'Mardi','10:00:00','11:30:00','Amphi A6','TD'),(270,255,'Mardi','11:30:00','13:00:00','Amphi A6','TD'),(271,256,'Mardi','14:00:00','15:30:00','Amphi A6','TD'),(272,257,'Mardi','15:30:00','17:00:00','Amphi A6','TD'),(273,258,'Mardi','10:00:00','11:30:00','Amphi A7','TD'),(274,259,'Mardi','11:30:00','13:00:00','Amphi A7','TD'),(275,260,'Mardi','14:00:00','15:30:00','Amphi A7','TD'),(276,261,'Mardi','10:00:00','11:30:00','Amphi A8','TD'),(277,262,'Mardi','11:30:00','13:00:00','Amphi A8','TD'),(278,263,'Mardi','08:30:00','10:00:00','Salle TP A1','TP'),(279,264,'Mardi','11:30:00','13:00:00','Salle TP A1','TP'),(280,265,'Mardi','14:00:00','15:30:00','Salle TP A1','TP'),(281,266,'Mardi','15:30:00','17:00:00','Salle TP A1','TP'),(282,267,'Mardi','11:30:00','13:00:00','Salle TP A2','TP'),(283,268,'Mardi','14:00:00','15:30:00','Salle TP A2','TP'),(284,211,'Mercredi','08:30:00','10:00:00','Amphi A1','CM'),(285,211,'Mercredi','10:00:00','11:30:00','Amphi A1','CM'),(286,248,'Mercredi','11:30:00','13:00:00','Amphi A1','CM'),(287,232,'Mercredi','14:00:00','15:30:00','Amphi A1','CM'),(288,269,'Mercredi','08:30:00','10:00:00','Amphi A2','TD'),(289,270,'Mercredi','10:00:00','11:30:00','Amphi A2','TD'),(290,271,'Mercredi','14:00:00','15:30:00','Amphi A2','CM'),(291,272,'Mercredi','08:30:00','10:00:00','Amphi A5','TD'),(292,273,'Mercredi','08:30:00','10:00:00','Amphi A6','TD'),(293,274,'Mercredi','10:00:00','11:30:00','Amphi A6','TD'),(294,275,'Mercredi','11:30:00','13:00:00','Amphi A6','TD'),(295,276,'Mercredi','08:30:00','10:00:00','Amphi A7','TD'),(296,277,'Mercredi','10:00:00','11:30:00','Amphi A7','TD'),(297,278,'Mercredi','11:30:00','13:00:00','Amphi A7','TD'),(298,279,'Mercredi','08:30:00','10:00:00','Amphi A8','TD'),(299,280,'Mercredi','10:00:00','11:30:00','Amphi A8','TD'),(300,281,'Mercredi','11:30:00','13:00:00','Amphi A8','TD'),(301,282,'Mercredi','10:00:00','11:30:00','Salle TP A1','TP'),(302,283,'Mercredi','11:30:00','13:00:00','Salle TP A1','TP'),(303,284,'Mercredi','14:00:00','15:30:00','Salle TP A1','TP'),(304,285,'Mercredi','15:30:00','17:00:00','Salle TP A1','TP'),(305,286,'Mercredi','08:30:00','10:00:00','Salle TP A2','TP'),(306,287,'Mercredi','10:00:00','11:30:00','Salle TP A2','TP'),(307,288,'Mercredi','11:30:00','13:00:00','Salle TP A2','TP'),(308,289,'Mercredi','14:00:00','15:30:00','Salle TP A2','TP'),(309,249,'Jeudi','08:30:00','10:00:00','Amphi A1','CM'),(310,290,'Jeudi','10:00:00','11:30:00','Amphi A1','CM'),(311,290,'Jeudi','11:30:00','13:00:00','Amphi A1','CM'),(312,291,'Jeudi','11:30:00','13:00:00','Amphi A2','TD'),(313,292,'Jeudi','14:00:00','15:30:00','Amphi A2','TD'),(314,293,'Jeudi','14:00:00','15:30:00','Salle TP A1','TP'),(315,294,'Jeudi','15:30:00','17:00:00','Salle TP A1','TP'),(316,295,'Jeudi','08:30:00','10:00:00','Salle TP A2','TP'),(317,296,'Jeudi','10:00:00','11:30:00','Salle TP A2','TP'),(318,297,'Samedi','08:30:00','09:50:00','EAD','CM'),(319,298,'Samedi','09:50:00','11:10:00','EAD','CM'),(320,299,'Samedi','11:10:00','12:30:00','EAD','CM'),(321,300,'Samedi','13:30:00','14:50:00','EAD','CM'),(322,301,'Samedi','14:50:00','16:10:00','EAD','CM'),(323,302,'Dimanche','08:30:00','09:50:00','Amphi A1','CM'),(324,303,'Dimanche','09:50:00','11:10:00','Amphi A1','CM'),(325,304,'Dimanche','11:10:00','12:30:00','Amphi A1','CM'),(326,305,'Dimanche','13:30:00','14:50:00','Amphi A1','CM'),(327,306,'Dimanche','08:30:00','09:50:00','Amphi A2','TD'),(328,307,'Dimanche','09:50:00','11:10:00','Amphi A2','TD'),(329,308,'Dimanche','11:10:00','12:30:00','Amphi A2','TD'),(330,309,'Dimanche','13:30:00','14:50:00','Amphi A2','TD'),(331,310,'Dimanche','08:30:00','09:50:00','Amphi A5','TD'),(332,311,'Dimanche','09:50:00','11:10:00','Amphi A5','TD'),(333,312,'Dimanche','11:10:00','12:30:00','Amphi A5','TD'),(334,313,'Dimanche','13:30:00','14:50:00','Amphi A5','TD'),(335,314,'Dimanche','11:10:00','12:30:00','Amphi A6','TD'),(336,315,'Dimanche','08:30:00','09:50:00','Amphi A7','TD'),(337,316,'Dimanche','09:50:00','11:10:00','Amphi A7','TD'),(338,317,'Dimanche','11:10:00','12:30:00','Amphi A7','TD'),(339,318,'Dimanche','08:30:00','09:50:00','Salle TP A1','TP'),(340,319,'Dimanche','09:50:00','11:10:00','Salle TP A1','TP'),(341,320,'Dimanche','09:50:00','11:10:00','Salle TP A2','TP'),(342,321,'Dimanche','11:10:00','12:30:00','Salle TP A2','TP'),(343,322,'Lundi','08:30:00','09:50:00','Amphi A1','CM'),(344,322,'Lundi','09:50:00','11:10:00','Amphi A1','CM'),(345,323,'Lundi','11:10:00','12:30:00','Amphi A1','CM'),(346,324,'Lundi','13:30:00','14:50:00','Amphi A1','CM'),(347,325,'Lundi','08:30:00','09:50:00','Amphi A5','TD'),(348,326,'Lundi','09:50:00','11:10:00','Amphi A5','TD'),(349,327,'Lundi','08:30:00','09:50:00','Amphi A7','TD'),(350,328,'Lundi','09:50:00','11:10:00','Amphi A7','TD'),(351,329,'Lundi','11:10:00','12:30:00','Amphi A7','TD'),(352,330,'Lundi','08:30:00','09:50:00','Amphi A8','TD'),(353,331,'Lundi','09:50:00','11:10:00','Amphi A8','TD'),(354,332,'Lundi','11:10:00','12:30:00','Amphi A8','TD'),(355,333,'Lundi','08:30:00','09:50:00','Salle TP A1','TP'),(356,334,'Lundi','09:50:00','11:10:00','Salle TP A1','TP'),(357,335,'Lundi','11:10:00','12:30:00','Salle TP A1','TP'),(358,336,'Lundi','13:30:00','14:50:00','Salle TP A1','TP'),(359,337,'Mardi','08:30:00','09:50:00','Amphi A1','CM'),(360,337,'Mardi','09:50:00','11:10:00','Amphi A1','CM'),(361,338,'Mardi','11:10:00','12:30:00','Amphi A1','TD'),(362,339,'Mardi','08:30:00','09:50:00','Amphi A2','TD'),(363,340,'Mardi','09:50:00','11:10:00','Amphi A2','TD'),(364,341,'Mardi','11:10:00','12:30:00','Amphi A2','TD'),(365,342,'Mardi','13:30:00','14:50:00','Amphi A2','TD'),(366,343,'Mardi','08:30:00','09:50:00','Amphi A5','TD'),(367,344,'Mardi','09:50:00','11:10:00','Amphi A5','TD'),(368,345,'Mardi','11:10:00','12:30:00','Amphi A5','TD'),(369,346,'Mardi','08:30:00','09:50:00','Amphi A6','TD'),(370,347,'Mardi','09:50:00','11:10:00','Amphi A6','TD'),(371,348,'Mardi','08:30:00','09:50:00','Amphi A7','TD'),(372,349,'Mardi','08:30:00','09:50:00','Salle TP A1','TP'),(373,350,'Mardi','09:50:00','11:10:00','Salle TP A1','TP'),(374,351,'Mardi','11:10:00','12:30:00','Salle TP A1','TP'),(375,352,'Mardi','08:30:00','09:50:00','Salle TP A2','TP'),(376,353,'Mardi','09:50:00','11:10:00','Salle TP A2','TP'),(377,302,'Mercredi','08:30:00','09:50:00','Amphi A1','CM'),(378,303,'Mercredi','09:50:00','11:10:00','Amphi A1','CM'),(379,304,'Mercredi','11:10:00','12:30:00','Amphi A1','CM'),(380,305,'Mercredi','13:30:00','14:50:00','Amphi A1','CM'),(381,354,'Mercredi','08:30:00','09:50:00','Amphi A2','TD'),(382,355,'Mercredi','09:50:00','11:10:00','Amphi A2','TD'),(383,356,'Mercredi','11:10:00','12:30:00','Amphi A2','TD'),(384,357,'Mercredi','08:30:00','09:50:00','Amphi A5','TD'),(385,358,'Mercredi','09:50:00','11:10:00','Amphi A5','TD'),(386,359,'Mercredi','11:10:00','12:30:00','Amphi A5','TD'),(387,360,'Mercredi','08:30:00','09:50:00','Amphi A6','TD'),(388,361,'Mercredi','09:50:00','11:10:00','Amphi A6','TD'),(389,346,'Mercredi','08:30:00','09:50:00','Amphi A7','TD'),(390,362,'Mercredi','09:50:00','11:10:00','Amphi A7','TD'),(391,344,'Mercredi','11:10:00','12:30:00','Amphi A7','TD'),(392,363,'Mercredi','08:30:00','09:50:00','Salle TP A1','TP'),(393,364,'Mercredi','09:50:00','11:10:00','Salle TP A1','TP'),(394,365,'Mercredi','11:10:00','12:30:00','Salle TP A1','TP'),(395,366,'Mercredi','13:30:00','14:50:00','Salle TP A1','TP'),(396,366,'Mercredi','14:50:00','16:10:00','Salle TP A1','TP'),(397,367,'Mercredi','08:30:00','09:50:00','Salle TP A2','TP'),(398,368,'Mercredi','09:50:00','11:10:00','Salle TP A2','TP'),(399,369,'Mercredi','11:10:00','12:30:00','Salle TP A2','TP'),(400,370,'Mercredi','13:30:00','14:50:00','Salle TP A2','TP'),(401,371,'Mercredi','14:50:00','16:10:00','Salle TP A2','TP'),(402,372,'Jeudi','08:30:00','09:50:00','Salle TP A1','TP'),(403,373,'Jeudi','09:50:00','11:10:00','Salle TP A1','TP'),(404,374,'Jeudi','11:10:00','12:30:00','Salle TP A1','TP'),(405,375,'Jeudi','13:30:00','14:50:00','Salle TP A1','TP'),(406,376,'Jeudi','14:50:00','16:10:00','Salle TP A1','TP'),(407,377,'Jeudi','08:30:00','09:50:00','Salle TP A2','TP'),(408,378,'Jeudi','09:50:00','11:10:00','Salle TP A2','TP'),(409,379,'Jeudi','11:10:00','12:30:00','Salle TP A2','TP'),(410,380,'Jeudi','13:30:00','14:50:00','Salle TP A2','TP'),(411,381,'Jeudi','14:50:00','16:10:00','Salle TP A2','TP'),(412,382,'Samedi','08:30:00','10:00:00','EAD','CM'),(413,383,'Samedi','10:00:00','11:30:00','EAD','CM'),(414,384,'Dimanche','08:30:00','10:00:00','Amphi A3','CM'),(415,385,'Dimanche','10:00:00','11:30:00','Amphi A3','CM'),(416,386,'Dimanche','11:30:00','13:00:00','Amphi A3','CM'),(417,386,'Dimanche','08:30:00','10:00:00','Amphi A4','CM'),(418,387,'Dimanche','10:00:00','11:30:00','Amphi A4','TD'),(419,388,'Dimanche','11:30:00','13:00:00','Amphi A4','TD'),(420,389,'Dimanche','08:30:00','10:00:00','Amphi A5','TD'),(421,390,'Lundi','08:30:00','10:00:00','Amphi A3','CM'),(422,391,'Lundi','10:00:00','11:30:00','Amphi A3','CM'),(423,392,'Lundi','11:30:00','13:00:00','Amphi A3','CM'),(424,393,'Lundi','08:30:00','10:00:00','Amphi A4','TD'),(425,394,'Lundi','10:00:00','11:30:00','Amphi A4','TD'),(426,395,'Lundi','08:30:00','10:00:00','Amphi A5','TD'),(427,396,'Lundi','10:00:00','11:30:00','Amphi A5','TD'),(428,391,'Mardi','08:30:00','10:00:00','Amphi A3','CM'),(429,390,'Mardi','10:00:00','11:30:00','Amphi A3','CM'),(430,392,'Mardi','11:30:00','13:00:00','Amphi A3','CM'),(431,397,'Mardi','08:30:00','10:00:00','Amphi A4','TD'),(432,398,'Mardi','10:00:00','11:30:00','Amphi A4','TD'),(433,399,'Mardi','11:30:00','13:00:00','Amphi A4','TD'),(434,400,'Mardi','08:30:00','10:00:00','Amphi A5','TD'),(435,401,'Mardi','10:00:00','11:30:00','Amphi A5','TD'),(436,402,'Mardi','10:00:00','11:30:00','Salle TP A5','TP'),(437,403,'Mardi','11:30:00','13:00:00','Salle TP A5','TP'),(438,404,'Mardi','08:30:00','10:00:00','Salle TP A6','TP'),(439,405,'Mercredi','08:30:00','10:00:00','Amphi A3','TD'),(440,406,'Mercredi','10:00:00','11:30:00','Amphi A3','TD'),(441,407,'Mercredi','08:30:00','10:00:00','Amphi A4','TD'),(442,408,'Mercredi','10:00:00','11:30:00','Amphi A4','TD'),(443,409,'Mercredi','11:30:00','13:00:00','Amphi A4','TD'),(444,410,'Mercredi','08:30:00','10:00:00','Salle TP A5','TP'),(445,411,'Mercredi','10:00:00','11:30:00','Salle TP A5','TP'),(446,412,'Mercredi','11:30:00','13:00:00','Salle TP A5','TP'),(447,413,'Mercredi','14:00:00','15:30:00','Salle TP A5','TP'),(448,414,'Mercredi','08:30:00','10:00:00','Salle TP A6','TP'),(449,415,'Mercredi','10:00:00','11:30:00','Salle TP A6','TP'),(450,416,'Mercredi','11:30:00','13:00:00','Salle TP A6','TP'),(451,385,'Jeudi','08:30:00','10:00:00','Amphi A3','CM'),(452,384,'Jeudi','10:00:00','11:30:00','Amphi A3','CM'),(453,417,'Jeudi','08:30:00','10:00:00','Amphi A4','TD'),(454,418,'Jeudi','10:00:00','11:30:00','Amphi A4','TD'),(455,419,'Jeudi','11:30:00','13:00:00','Amphi A4','TD'),(456,420,'Jeudi','08:30:00','10:00:00','Amphi A6','TD'),(457,421,'Jeudi','08:30:00','10:00:00','Salle TP A5','TP'),(458,422,'Jeudi','10:00:00','11:30:00','Salle TP A5','TP'),(459,423,'Jeudi','11:30:00','13:00:00','Salle TP A5','TP'),(460,424,'Jeudi','10:00:00','11:30:00','Salle TP A6','TP'),(461,425,'Dimanche','11:30:00','13:00:00','Amphi A3','CM'),(462,426,'Dimanche','13:30:00','15:00:00','Amphi A3','CM'),(463,427,'Lundi','08:30:00','10:00:00','Amphi A3','CM'),(464,428,'Lundi','10:00:00','11:30:00','Amphi A3','CM'),(465,429,'Lundi','11:30:00','13:00:00','Amphi A3','CM'),(466,430,'Mardi','08:30:00','10:00:00','Amphi A3','TD'),(467,431,'Mardi','10:00:00','11:30:00','Amphi A3','TD'),(468,432,'Mardi','11:30:00','13:00:00','Amphi A3','TD'),(469,433,'Mardi','13:30:00','15:00:00','Amphi A3','TD'),(470,434,'Mardi','08:30:00','10:00:00','Amphi A4','TD'),(471,435,'Mardi','10:00:00','11:30:00','Amphi A4','TD'),(472,436,'Mardi','11:30:00','13:00:00','Amphi A4','TD'),(473,437,'Mardi','13:30:00','15:00:00','Amphi A4','TD'),(474,438,'Mardi','08:30:00','10:00:00','Salle TP A1','TP'),(475,439,'Mardi','10:00:00','11:30:00','Salle TP A1','TP'),(476,440,'Mardi','11:30:00','13:00:00','Salle TP A1','TP'),(477,441,'Mardi','13:30:00','15:00:00','Salle TP A1','TP'),(478,442,'Mardi','08:30:00','10:00:00','Salle TP A2','TP'),(479,443,'Mardi','10:00:00','11:30:00','Salle TP A2','TP'),(480,444,'Mardi','11:30:00','13:00:00','Salle TP A2','TP'),(481,445,'Mardi','13:30:00','15:00:00','Salle TP A2','TP');
/*!40000 ALTER TABLE `emploi_du_temps` ENABLE KEYS */;
UNLOCK TABLES;

--
-- Table structure for table `etudiants`
--

DROP TABLE IF EXISTS `etudiants`;
/*!40101 SET @saved_cs_client     = @@character_set_client */;
/*!50503 SET character_set_client = utf8mb4 */;
CREATE TABLE `etudiants` (
  `id_etudiant` int NOT NULL AUTO_INCREMENT,
  `matricule` varchar(50) NOT NULL,
  `nom` varchar(50) NOT NULL,
  `prenom` varchar(50) NOT NULL,
  `id_groupe` int DEFAULT NULL,
  PRIMARY KEY (`id_etudiant`),
  UNIQUE KEY `matricule` (`matricule`),
  KEY `id_groupe` (`id_groupe`),
  CONSTRAINT `etudiants_ibfk_1` FOREIGN KEY (`id_groupe`) REFERENCES `groupes` (`id_groupe`) ON DELETE SET NULL
) ENGINE=InnoDB AUTO_INCREMENT=1657 DEFAULT CHARSET=utf8mb4 COLLATE=utf8mb4_0900_ai_ci;
/*!40101 SET character_set_client = @saved_cs_client */;

--
-- Dumping data for table `etudiants`
--

LOCK TABLES `etudiants` WRITE;
/*!40000 ALTER TABLE `etudiants` DISABLE KEYS */;
INSERT INTO `etudiants` VALUES (518,'L137000001','ZEMOURI','ASMA',22),(519,'L137000002','ASMANI','MOHAMED ISLAM',22),(520,'L137000003','DJETNI','AYMENE',22),(521,'L137000004','HADDAD','AYA',22),(522,'L137000005','BELHADJ','HADJER',22),(523,'L137000006','BENFATMA','YASMINE',22),(524,'L137000007','CHAIB','MOKHTARIA MARIA',22),(525,'L137000008','SIDI YAKOUB','Abdelkhalek',22),(526,'L137000009','MOSTEFA DAOUADJI','ADEM',22),(527,'L137000010','BOUGHARI','ABDERRAHMRM',22),(528,'L137000011','MAMMAR','FATIMA ZOHRA',22),(529,'L137000012','BENSAIDA','INES',22),(530,'L137000013','TARA','NADIR',22),(531,'L137000014','OUKRIF','MOHAMED EL HABIB',22),(532,'L137000015','CHABNI','MOHAMMED YOUNES',22),(533,'L137000016','LAKHRIF','ABDELHAMMID',22),(534,'L137000017','LABLACK','ANIS ABDELLAH',22),(535,'L137000018','BOUMEDINE','ZAKARIA',22),(536,'L137000019','KAZI TANI','ISRAA',22),(537,'L137000020','MEHALLI','OUSSAMA',22),(538,'L137000021','AGBOUBI','ABDRAOUF',22),(539,'L137000022','RAHALI','MOHAMMED EL HABIB',22),(540,'L137000023','MAARAF','MOHAMMED ABDERAHMANE',22),(541,'L137000024','GHLAM','YACINE',22),(542,'L137000025','BOUZAFFA','IYAD',22),(543,'L137000026','TSAKI','AHMED',22),(544,'L137000027','KHECHAB','OUASSILLA NOUR EL HOUDA',22),(545,'L137000028','BELKADI','AYMEN EL HABIB',22),(546,'L137000029','LARKEM','OUAIL BAHAA EDDINE',22),(547,'L137000030','BENBACHIR','INES',22),(548,'L137000031','REKAB','MOHAMMED',22),(549,'L137000032','MOHAMED MAHDI','MERZOUK',22),(550,'L137000033','ZAHAF','AICHA',22),(551,'L137000034','OUAFI','HABIB',22),(552,'L137000035','SAHOUANE','YAMINA CHAIMAA',22),(553,'L137000036','MANSOURI','HAMZA',22),(554,'L137000037','BELHACHEMI','CHAHRAZED',22),(555,'L137000038','CHERIF','Abdelkader',22),(556,'L137000039','MAANANE','Mohammed islam',22),(557,'L137000040','BOUDEHEDJE','YACINE',22),(558,'L137000041','MARAF','HADJ MAHIEDINE',22),(559,'L137000042','SAADALLAH','MOHAMMED ABDELHADI',22),(560,'L137000043','LECHEHEB','LINA CHIRAZE',22),(561,'L137000044','DERRAR','WALID',22),(562,'L137000045','BADAOUI','AYA',22),(563,'L137000046','SAID','ALAA HANAA',22),(564,'L137000047','SABEUR CHOUIREF','IMAD EDDINE',22),(565,'L137000048','FLITI','YOUNES',22),(566,'L137000049','ROGUI','ABDALLAH ZAKARIA',22),(567,'L137000050','MAHROUG','ZAKARIA',22),(568,'L137000051','LABACI','IMEDEDDINE',22),(569,'L137000052','BENZAOUI','RAYAN MOHAMED RAFIK',22),(570,'L137000053','BENSAID','MOHAMMED LAMINE',22),(571,'L137000054','ZAOUI','MOHAMMED EL AMINE ABDELKADER',22),(572,'L137000055','BOUDKHILI','MERIEM',22),(573,'L137000056','SOUAK','CHAIMAA',22),(574,'L137000057','KOUDA','MOHAMMED ACHRAF',22),(575,'L137000058','RIANE','Firas salah eddine',22),(576,'L137000059','SAIED','NOURSSINE',22),(577,'L137000060','NAIT BAHLOUL','ABDERRAHMEN',22),(578,'L137000061','BENMAZOUZA','OUSSAMA ABDELKADER',23),(579,'L137000062','TOUAIBIA','KHALIL ABD EL DJALIL',23),(580,'L137000063','BEDAD','ALI Minto',23),(581,'L137000064','MENHADJ','BRAHIM MEFLAHMOHAMED',23),(582,'L137000065','أوراغ','عبد الكریم',23),(583,'L137000066','AOUAD','IBRAHIM',23),(584,'L137000067','MEGHERBI','MOHAMMED ARSLENE',23),(585,'L137000068','MOKADEM','TAREK',23),(586,'L137000069','MOUHADJER','ILYAS AYOUB',23),(587,'L137000070','ZERDAZI','ADEM',23),(588,'L137000071','MAHAMMEDI','AYA IBTISSAM',23),(589,'L137000072','HAMMANI','ISLEM',23),(590,'L137000073','ZENGUI','MOHAMMED ABDALLAH',23),(591,'L137000074','FATAH','FADI',23),(592,'L137000075','RAHOU','ABDENNOUR',23),(593,'L137000076','BOUALAM','SARA',23),(594,'L137000077','ZIANE','FATIMA',23),(595,'L137000078','KELTOUMI','LOUBNA',23),(596,'L137000079','SADOUKI','YOUCEF',23),(597,'L137000080','BENTATA','ZAKARIA',23),(598,'L137000081','DERROUIS','MOHAMMED MEHDI',23),(599,'L137000082','BELKACEM SADOUN','MOHAMED',23),(600,'L137000083','BEDERIAT','LEILA',23),(601,'L137000084','TIRES','KODS DOUAA',23),(602,'L137000085','AOUMEUR','ABDELMEDJID AMINE',23),(603,'L137000086','RAMI','RIHEB HIBA',23),(604,'L137000087','ABELLAH','ABDERRAHMANE',23),(605,'L137000088','BENTRIA','SARA RAYAN',23),(606,'L137000089','AINOUCHE','SARA',23),(607,'L137000090','SALMI','AMAL',23),(608,'L137000091','STAALI','AMIRA',23),(609,'L137000092','KIDARI','ADEL HAMZA',23),(610,'L137000093','BOULADAS','YACINE ABDEL ILLAH',23),(611,'L137000094','CHEHIR','DJAMILA',23),(612,'L137000095','MEHARZI','OUSSAMA',23),(613,'L137000096','BENBRAHAM','KHOULOUD',23),(614,'L137000097','YACEF','HIBAT ALLAH DOUAA',23),(615,'L137000098','BOUCHRA','SALEM',23),(616,'L137000099','GHAOUL','NOUREDDINE',23),(617,'L137000100','LALAOUI','MOHAMMED RACIM',23),(618,'L137000101','OUAHDI','ROUMAISSA',23),(619,'L137000102','BERREFAS','ZAKARIA',23),(620,'L137000103','KASSIMI','ABDELKADER',23),(621,'L137000104','SENOUCI','BILAL',23),(622,'L137000105','BACHIK','KAOUTHER',23),(623,'L137000106','M\'HAMED HACNHOUR','CHAIMAA',23),(624,'L137000107','BOULIL','HIND',23),(625,'L137000108','ABID','SIDI MOHAMED OMAR',23),(626,'L137000109','BAAZIZ','MALAK ROUMAISSA',23),(627,'L137000110','KOURDI','ISLAM',23),(628,'L137000111','BOUHADIBA','RAFIK',23),(629,'L137000112','DJEDID','IKRAM',23),(630,'L137000113','YAKOUTA','NOUR HOUARI',23),(631,'L137000114','BERRAHAL','AYA',23),(632,'L137000115','GUEZGOUZ','LILYA',23),(633,'L137000116','CHERIF','KHADIDJA',23),(634,'L137000117','KENIOUA','DOUAA',23),(635,'L137000118','BENAISSA','RADJAA',23),(636,'L137000119','ARIBI','MARWA',23),(637,'L137000120','BOUHADEF','WAFAA',23),(638,'L137000121','GHELMOUL','EMBAREK EL AMINE',24),(639,'L137000122','MISSOUM','NABILA',24),(640,'L137000123','AMRANI','MOHAMED ELSADIK BENYAHIA',24),(641,'L137000124','SAIDI','YANIS KHAMIS',24),(642,'L137000125','LABIOD','NOUR',24),(643,'L137000126','MAHAMMED','RYM',24),(644,'L137000127','GUELLIL','IKHLAS',24),(645,'L137000128','SI ABDELKADER','ABDELKADER',24),(646,'L137000129','ZIOUANE','MOHAMMED AYMEN',24),(647,'L137000130','BENACHOUR','AHMED YACINE',24),(648,'L137000131','TEBBAL','YOUNES',24),(649,'L137000132','ALIANE','NOURHENE',24),(650,'L137000133','ZERHOUNI','BENAMAR MOULAY IDRIS',24),(651,'L137000134','BENZAHAF','CHEMSS EDDINE',24),(652,'L137000135','BENLAZREGUE','ABDERRAHMANE ILIES',24),(653,'L137000136','AMRANE','ABDERRAHMANE HICHEM',24),(654,'L137000137','BOUDJELLAL','AIDA HANINE',24),(655,'L137000138','DAHNOUN','DJEFFAL ROFAIDA',24),(656,'L137000139','ARAR','WAFAA',24),(657,'L137000140','HENNI','YASSER',24),(658,'L137000141','TEBBAKH','ROSTOM',24),(659,'L137000142','BOUDJELLA','OUSSAMA OMAR ELHEK',24),(660,'L137000143','KHAMMES','MAAMAR BASSEM',24),(661,'L137000144','MEKROUSSI','ABDELHAKIM',24),(662,'L137000145','RAHIEL','MOHAMMED YACINE',24),(663,'L137000146','MESLEM','MOHAMED WALID',24),(664,'L137000147','BABA','RIAD',24),(665,'L137000148','OUDAD','TAREK NADIR',24),(666,'L137000149','BELZINA','MOHAMED AMINE ABDELKADER',24),(667,'L137000150','SENNI','CHIRAZ',24),(668,'L137000151','MOUZIANE','HADJA CHAIMAA',24),(669,'L137000152','SENHADJI','IMED EDDINE',24),(670,'L137000153','REZINE','ZOULIKHA HAFSA',24),(671,'L137000154','NEMDILI','ILYES',24),(672,'L137000155','MOKHTARI','ROUMAISSA',24),(673,'L137000156','TIRENIFI','MOHAMMED ZAKARIA',24),(674,'L137000157','MESLI','RAFIK',24),(675,'L137000158','BENREDJIL','SAMI YASSER',24),(676,'L137000159','BAOUCHE','ZOUBIDA GHIZLENE',24),(677,'L137000160','HOUMRI','ABDELILLAH',24),(678,'L137000161','BAJAWI','KAIS',24),(679,'L137000162','BETTAHAR','MOHAMMED',24),(680,'L137000163','TORKI','FAROUK',24),(681,'L137000164','BOUMAZA','AHAB',24),(682,'L137000165','BENDAOUD','KAMEL',24),(683,'L137000166','HAMMAS','MOHAMED ABDELMADJID',24),(684,'L137000167','SAYAD','ANFEL',24),(685,'L137000168','BOUBLENZA','RAYANE',24),(686,'L137000169','AISSANI','MOHAMMED REDA',24),(687,'L137000170','BEN SLITANE','IKRAM',24),(688,'L137000171','ARROUMIA','SARAH',24),(689,'L137000172','BOURAYA','TAHER ILYES',24),(690,'L137000173','MAKHLOUFI','BOUCHRA YASMINE',24),(691,'L137000174','BENDERBAL','INSAF',24),(692,'L137000175','MOHAMMEDI','FATIMA ZOHRA',24),(693,'L137000176','KRATTAR','HADJER',24),(694,'L137000177','BENHABARA','HOUSSEM EDDINE NASR ALLAH',24),(695,'L137000178','BENAICHA','DOUAA',24),(696,'L137000179','DJATOU','FATIMA ZOHRA BATOUL',24),(697,'L137000180','BENOUZZA','WISSEM',24),(698,'L137000181','HAFFAR','MOHAMMED EL AMINE',25),(699,'L137000182','TOUZANI','MOHAMMED ELAMINE',25),(700,'L137000183','CHERGUI','YASMINE',25),(701,'L137000184','HOUARI','MOHAMMED ABDERRAHMENE',25),(702,'L137000185','LAMROUS','HANAA',25),(703,'L137000186','BENYAHIA','MERIEM',25),(704,'L137000187','BENNOURA','BOUCHIBA HADJER',25),(705,'L137000188','AMINA','ABDELOUAHED',25),(706,'L137000189','KENNICHE','DOHA',25),(707,'L137000190','DADOUA','HADRIA YOUCEF',25),(708,'L137000191','AOUFI','ZOUBIR',25),(709,'L137000192','HARCHOUCHE','ABDELHADI BOUALEM',25),(710,'L137000193','BENLAHDJAR','MOHAMED EL AMINE',25),(711,'L137000194','ARAISSIA','SARA CHAHD',25),(712,'L137000195','ABDELLAOUI','HANA',25),(713,'L137000196','IBRAHIM','ABDELKADER IBRAHIM DOBANRABAA BESSMALA',25),(714,'L137000197','BENAZIEZ','MAHMOUD MEROUANE',25),(715,'L137000198','SENOUCI','ABDELMADJID',25),(716,'L137000199','AMROUNE','ABDERRACHID',25),(717,'L137000200','MEROUFEL','ABDERRAHMANE',25),(718,'L137000201','KAMRAOUI','AYA KHADIDJA',25),(719,'L137000202','ZEDDOUR','ABDALLAH',25),(720,'L137000203','LAFKOUNE','MOHAMED EL AMINE',25),(721,'L137000204','KADMI','DJAMEL EDDINE',25),(722,'L137000205','OUKIL','WISSEM REZKIA',25),(723,'L137000206','OUARAS','DOUAA',25),(724,'L137000207','GUERBAA','LOUEI',25),(725,'L137000208','BENKHETTOU','AHMED YACINE',25),(726,'L137000209','OUCIF','NARDJES',25),(727,'L137000210','BELHACINE','Hadjer',25),(728,'L137000211','ZERROUKI','IKRAM',25),(729,'L137000212','HACHAICHI','RIHAB',25),(730,'L137000213','BOUALI','YASMINE',25),(731,'L137000214','BENAOUDA','CHAHT MOHAMED EL AMINE',25),(732,'L137000215','OUAFI','SMAIL',25),(733,'L137000216','FARES','AYOUB',25),(734,'L137000217','HAMEL','MOHAMMED EL AMINE',25),(735,'L137000218','DAOUAR','SARRA',25),(736,'L137000219','KAINANE','MEZADEK IMAD EDDINE',25),(737,'L137000220','KHELIL','SARA',25),(738,'L137000221','ZOUAI','BELHADJ',25),(739,'L137000222','MOULAI','ABDERRAZEK',25),(740,'L137000223','HADJ','MAHAMMED YACINE',25),(741,'L137000224','SEMMADI','MOHAMMED LAMINE',25),(742,'L137000225','HADJFATEH','HOUSSAM EDDINE',25),(743,'L137000226','OTMANE','NOURHANE',25),(744,'L137000227','KADDOURI','ILIES',25),(745,'L137000228','HANNOU','MOHAMED ABD EL ILLAH',25),(746,'L137000229','BENALI','GAYA KHEIREDDINE',25),(747,'L137000230','MERZOUG','ISLAM',25),(748,'L137000231','TALBI','HADJER',25),(749,'L137000232','YOUSFI','KAMEL',25),(750,'L137000233','ABDOUNI','YOUSSOUF',25),(751,'L137000234','BENTALEB','WISSAL',25),(752,'L137000235','MARROUCHE','ABDELDJALIL',25),(753,'L137000236','TACHIBENT','DOUAA KHADIDJA',25),(754,'L137000237','SAYAH','DOUAA',25),(755,'L137000238','NAIT','BRAHIM MELISSA',25),(756,'L137000239','HACHEMI','RACHIDA LAMISSE',25),(757,'L137000240','LAZREG','MANEL',25),(758,'L137000241','OUADAH','AHMED',26),(759,'L137000242','BOUSSOURI','AHLEM CHAIMAA',26),(760,'L137000243','DJELLOUL','IKRAM',26),(761,'L137000244','TEBBAL','AMINA',26),(762,'L137000245','BENAMARA','ASMAA',26),(763,'L137000246','MEHDI','ALI HOUARI',26),(764,'L137000247','IZERROUKENE','ASMAA',26),(765,'L137000248','GHARBI','IMAD EDDINE',26),(766,'L137000249','MISOUTAR','AYA',26),(767,'L137000250','RAOUANE','BENMANSOUR',26),(768,'L137000251','DAHMANI','FATIMA ZOHRA',26),(769,'L137000252','BADI','Kawther',26),(770,'L137000253','BOUSOUSALA','RIHEM SAKINA',26),(771,'L137000254','BENLARBI','NOURHENE',26),(772,'L137000255','ZATLA','OMAR EL HUSSEINE',26),(773,'L137000256','TAIBI','CHEMSEDDINE',26),(774,'L137000257','RAHAL','NACER',26),(775,'L137000258','BESSAHRAOUI','ABIR',26),(776,'L137000259','DJARFOUR','IMRAN',26),(777,'L137000260','EL HANAFI','Batoul',26),(778,'L137000261','DJENNADI','Adel aimad-edine',26),(779,'L137000262','MATI','ABDERRAHMAN',26),(780,'L137000263','BELAZIZ','NOUR EL HOUDA',26),(781,'L137000264','BETTAHAR','Mouna kaouther',26),(782,'L137000265','BELGHIT','ABDERRAHIM RAYAN',26),(783,'L137000266','HADJADJ','CHAIMA',26),(784,'L137000267','ZITOUNI','RAYHANE KHEIRA',26),(785,'L137000268','BELHADJ','IKRAM',26),(786,'L137000269','MADANI','NACERA',26),(787,'L137000270','EL GHOUL','MOULAY HACHEM',26),(788,'L137000271','BELBAH','IBTISSEM',26),(789,'L137000272','SAID','HANANE',26),(790,'L137000273','MEHIDI','KHAOULA',26),(791,'L137000274','SENHADJI','ISLAM',26),(792,'L137000275','BELALEM','ABDELQADDOUS',26),(793,'L137000276','BOUZIANE','GHEZLANE',26),(794,'L137000277','BELGHABA','MOATASSEM',26),(795,'L137000278','ZIDOUR','BEKKADDOUR IMENE',26),(796,'L137000279','HAROUNI','ABDELKADER',26),(797,'L137000280','BERKANE','KRACHAI IKHLAS',26),(798,'L137000281','BOUTALBI','MEHDI',26),(799,'L137000282','BENSAADA','HIND',26),(800,'L137000283','MENBER','HAIFAA',26),(801,'L137000284','BELLAL','MOHAMMED',26),(802,'L137000285','ZOUAGUI','BADIS',26),(803,'L137000286','BOUSEKKEK','HAITHEM ABDELMADJID',26),(804,'L137000287','BAHLOUL','DHIA EDDINE',26),(805,'L137000288','KHETIB','WISSAL',26),(806,'L137000289','FOUL','MUSTAPHA YACINE',26),(807,'L137000290','BELARBI','MERIEM',26),(808,'L137000291','BENCHALLAL','RAYANE',26),(809,'L137000292','BENAMAR','MOHAMMED CHERIF',26),(810,'L137000293','TOUATI','MERIEM',26),(811,'L137000294','ELKEURTI','ANES',26),(812,'L137000295','NEMOURA','SOFIANE',26),(813,'L137000296','FARFOUR','ABDELLAH',26),(814,'L137000297','MEZAZIGH','IMENE',26),(815,'L137000298','BERRAHO','MOHAMMED BEN ACHOUR',26),(816,'L137000299','KHELIFI','INES',26),(817,'L137000300','BAGHDADI','AICHA',26),(818,'L137000301','LALEG','CHAHRAZED',27),(819,'L137000302','BOUCHIKH','ILYES',27),(820,'L137000303','OUHIB','FARAH KHOULOUD',27),(821,'L137000304','ZAOUI','ILYES RAMZI',27),(822,'L137000305','HOURI','MOHAMMED AKRAM',27),(823,'L137000306','KHANNOUSSI','ELHADJ',27),(824,'L137000307','MOZIANE','BOUCHRA',27),(825,'L137000308','BERBAOUI','IMAD',27),(826,'L137000309','KOUIDER','MERIEM',27),(827,'L137000310','BOUCHAKOUR','SOUHILA IKRAM',27),(828,'L137000311','BENDADA','WALID',27),(829,'L137000312','AISSA','NOUHA',27),(830,'L137000313','KAMLI','ADEM',27),(831,'L137000314','OUAFIANE','RABAB',27),(832,'L137000315','BERHAB','ILHEM LILIA',27),(833,'L137000316','ZIGH','AHMED HOUSSEM',27),(834,'L137000317','YAMINE','AMINA ZOHRA',27),(835,'L137000318','KHELFI','ALAA',27),(836,'L137000319','SEDDIKI','KHEIRA',27),(837,'L137000320','MERKOUCHE','RAYENE',27),(838,'L137000321','OBADA','ASAMI',27),(839,'L137000322','HACENE','WALID',27),(840,'L137000323','HOUBAD','DOUAA EL SABRIRIN',27),(841,'L137000324','HAIBAOUI','MOULAY MHAMMD',27),(842,'L137000325','TALHI','YOUCEF',27),(843,'L137000326','KHALDI','MOHAMMED MONCEF NADIR',27),(844,'L137000327','LOUADJ','ABDELAZIZ',27),(845,'L137000328','BELLOULA','KHAWLA',27),(846,'L137000329','BOUAKLINE','ANAIS INES FATIMA',27),(847,'L137000330','BAHRI','YOUCEF ABDELMALEK',27),(848,'L137000331','KHERIF','SIRINE YAKINE',27),(849,'L137000332','MANAA','HASNI',27),(850,'L137000333','MAKRELOUFI','MEHDI AMAR',27),(851,'L137000334','TERBECHE','MAHMOUD',27),(852,'L137000335','MEHDI','IBTISSEM',27),(853,'L137000336','IKKACHE','MOHAMED',27),(854,'L137000337','YAHIAOUI','MOHAMMED MEHDI',27),(855,'L137000338','ZITOUNI','Abdessamed',27),(856,'L137000339','BENCHERIF','MOHAMED AYOUB',27),(857,'L137000340','HOUCINE','MOULAY RADHWANE',27),(858,'L137000341','MESFEF','FELLA',27),(859,'L137000342','DAHMOUNE','MOHAMED NADJIM',27),(860,'L137000343','AMARA','LAMIS DJIHANE',27),(861,'L137000344','BEZZAR','MERIEM',27),(862,'L137000345','TALBI','SANAA',27),(863,'L137000346','DJELOUAT','ABDERRAHMANE',27),(864,'L137000347','TAA','SANAA NARDJES MAISSA',27),(865,'L137000348','DAOUDI','HACENE',27),(866,'L137000349','BELAZZOUZ','HIZIA',27),(867,'L137000350','HAFFANE','BENHERMAS FATIMA ZOHRA GHADIR',27),(868,'L137000351','BENMAZA','MOHAMMED EL AMINE',27),(869,'L137000352','KADA','BENNEKROUF CHAKIB',27),(870,'L137000353','KECIR','RABEH',27),(871,'L137000354','BENRAHOU','AZZEDDINE EL KASSAM',27),(872,'L137000355','BENCHAIB','ABIR RIHANE',27),(873,'L137000356','LENSARI','OMAR',27),(874,'L137000357','AHMED FOUATIH','ABDERAHIM JEBRIL',27),(875,'L137000358','BENKENINE','AISSA',27),(876,'L137000359','LARBI','ABDERRAHMANE RAHIM',27),(877,'L137000360','SAIDI','AYMENE',27),(878,'L137000361','BENSSALAH','RADIA',28),(879,'L137000362','BENDJEBBOUR','YACINE',28),(880,'L137000363','LAROUCI','AYA',28),(881,'L137000364','MENMAR','RANIA',28),(882,'L137000365','LAKBER','BELALEUG BELKACEM',28),(883,'L137000366','MAHI','BAHI AMAR MOHAMMED ABDESSAMAD',28),(884,'L137000367','TAYEBI','ABDELOUAHEB',28),(885,'L137000368','SBAIHI','MOHAMED SADEK',28),(886,'L137000369','MOULAI','ALI ABDESSAMAD',28),(887,'L137000370','BELAZREG','AYA',28),(888,'L137000371','BOUDJEMA','EL MEHDI',28),(889,'L137000372','MANSOURA','MOHAMMED MOHSEN',28),(890,'L137000373','ANES','BAHAAEDDINE YOUCEF',28),(891,'L137000374','AMMOUR','Firas alla eddinne',28),(892,'L137000375','GUERROUABI','MOHAMMED',28),(893,'L137000376','MEGHOUFEL','KARIMA',28),(894,'L137000377','TALBI','MOHAMMED EL RACHID',28),(895,'L137000378','BENAMAR','KHOULOUD',28),(896,'L137000379','ZINE','MOHAMED ALI',28),(897,'L137000380','MADANI','SABEIR AYOUB',28),(898,'L137000381','YAGOUB','KHAWLA ASSIA',28),(899,'L137000382','BENKHARROUBA','MARWA',28),(900,'L137000383','BENSMAIN','MOHAMMED ADEL',28),(901,'L137000384','DOUCEN','KHAIRA',28),(902,'L137000385','DJELLID','MOHAMMED EL AMIN',28),(903,'L137000386','ALLAL','RAIHANE',28),(904,'L137000387','SIDI IKHLEF','HOUSSEM EDDINE',28),(905,'L137000388','LADOUANI','MASSINISSA ABDELJALIL',28),(906,'L137000389','TALEB','ABDELDJELIL',28),(907,'L137000390','HACHEM','AYA',28),(908,'L137000391','DJEBBAR','MOHAMMED RAYANE',28),(909,'L137000392','TAHAR','AMAR CHAIMAA',28),(910,'L137000393','MAAMAR','DAOUIA',28),(911,'L137000394','OURABAH','RANIA',28),(912,'L137000395','MOULAY','FATIMA ZOHRA',28),(913,'L137000396','BERRAHAL','MOHAMED YOUCEF',28),(914,'L137000397','LEZZAR','AMINA',28),(915,'L137000398','SMATI','Malak',28),(916,'L137000399','BENDIMIA','ABDELKRIM',28),(917,'L137000400','MEDIMED','ALAA ZINE EDDINE',28),(918,'L137000401','HAOUD','NOUR EL HOUDA RAYHANE',28),(919,'L137000402','ZINAI','MOHAMMED IDRIS',28),(920,'L137000403','MEZIANE','MOHAMMED ISLAM',28),(921,'L137000404','REGUIEG','AYMAN',28),(922,'L137000405','EL FODDA','MOSTAPHA',28),(923,'L137000406','BEN LEBNA','MOUEDH ELMOKHTAR',28),(924,'L137000407','CHAFI','ASMAA',28),(925,'L137000408','SADOK','MOHAMED',28),(926,'L137000409','DINE','BOUCHRA',28),(927,'L137000410','AOUIMEUR','ILYES',28),(928,'L137000411','HIBOUT','YASSER ABDERRAHIM',28),(929,'L137000412','MAZOUZ','BAYA',28),(930,'L137000413','MOURAH','ALI MOUSSA',28),(931,'L137000414','AZZI','MOHAMMED EL HABIB',28),(932,'L137000415','TAHARI','CHAMSE',28),(933,'L137000416','DALI','YAHIA MOHAMMED ISLEM',28),(934,'L137000417','BENARBA','LAHOUARI',28),(935,'L137000418','CHEROUATI','CHAIMAA',28),(936,'L137000419','KADRI','MEROUANE',28),(937,'L137000420','GOUNANI','RACHIDA',28),(938,'L137000421','BENYAKOUB','BACHIR',29),(939,'L137000422','LAROUCI','FAIROUZ',29),(940,'L137000423','CHAOUI','MOHAMMED',29),(941,'L137000424','MOKADAM','ABDEL WAHAB',29),(942,'L137000425','MEDJAHED','NARIMENE LYLIA',29),(943,'L137000426','HAMZAOUI','YOUCEF ELHABIB',29),(944,'L137000427','DALI','ABDELHAMID',29),(945,'L137000428','BADJI','YAMINA',29),(946,'L137000429','BENLEMMOU','SARRA',29),(947,'L137000430','CHALABI','CHAIMAA',29),(948,'L137000431','OUASTI','ABDENNOUR',29),(949,'L137000432','GOURARI','AKRAM',29),(950,'L137000433','TLEMCANI','WALID',29),(951,'L137000434','KEDDAR','ABDELAZIZ',29),(952,'L137000435','BEKHEIRA','HADJER KHEIRA',29),(953,'L137000436','KADDOURI','YACINE MOHAMMED',29),(954,'L137000437','GUEDDJALI','MAHDI',29),(955,'L137000438','DELBEZE','BOUCHRA HIDAYET',29),(956,'L137000439','DALA','WALID',29),(957,'L137000440','NOUAR','HASNA',29),(958,'L137000441','SID LAKHDAR','MOHAMMED FAYCAL',29),(959,'L137000442','JAARA','RAID',29),(960,'L137000443','KHELIL','SOFIANE',29),(961,'L137000444','BOUDIAF','AMINE',29),(962,'L137000445','MEBARKI','NOUR EL HOUDA',29),(963,'L137000446','TALBI','YACINE',29),(964,'L137000447','BOUCHAMA','IKRAM',29),(965,'L137000448','HADJADJ','RIAD',29),(966,'L137000449','KADDOUR','AMIRA',29),(967,'L137000450','ZIANI','ABDELKADER',29),(968,'L137000451','BOUKHALFA','SARAH',29),(969,'L137000452','FERHAT','LYES',29),(970,'L137000453','SEDDIKI','FATIMA ZAHRA',29),(971,'L137000454','BENHABIB','RAYAN',29),(972,'L137000455','GHEZALI','MERIEM',29),(973,'L137000456','LAHLOU','ABDERRAHIM',29),(974,'L137000457','TOUATI','NADIA',29),(975,'L137000458','BENSALAH','ISSAM',29),(976,'L137000459','KORICHI','DALILA',29),(977,'L137000460','MEZIANE','KHALED',29),(978,'L137000461','BERRAHMA','SAMIA',29),(979,'L137000462','OUARTI','ADEL',29),(980,'L137000463','BOUDRA','LAMIA',29),(981,'L137000464','CHAREF','OUSSAMA',29),(982,'L137000465','HEMIDA','ASSIA',29),(983,'L137000466','BENKARA','ZAKARIA',29),(984,'L137000467','DJILALI','SOUMIA',29),(985,'L137000468','KOUADRI','IMAD',29),(986,'L137000469','BENAMARA','RIMA',29),(987,'L137000470','GHERBI','NASSIM',29),(988,'L137000471','SLIMANI','CHAHINEZ',29),(989,'L137000472','BOUZID','MEHDI',29),(990,'L137000473','OUKACI','HANANE',29),(991,'L137000474','BOURAS','ABDELHALIM',29),(992,'L137000475','FEKIR','AICHA',29),(993,'L137000476','HAMADOUCHE','YASSER',29),(994,'L137000477','BENAISSA','KHADIDJA',29),(995,'L137000478','TABET','FETHI',29),(996,'L137000479','KEROUANI','HOURIA',29),(997,'L137000480','OULD ALI','NADIR',29),(998,'37000001','AHMED FOUATIH','ABDERAHIM JEBRIL',34),(999,'37000002','BELHADJ','IKRAM',34),(1000,'37000003','BENABADJI','AHMED HOUSSEM EDDINE',34),(1001,'37000004','BENAMARA','ASMAA',34),(1002,'37000005','BENKHARROUBA','MARWA',34),(1003,'37000006','BENKHETTOU','AHMED YACINE',34),(1004,'37000007','BENMANSOUR','Raouane',34),(1005,'37000008','BENSMAIN','MOHAMMED ADEL',34),(1006,'37000009','BENTALEB','WISSAL',34),(1007,'37000010','BESSEGHIER','AKRAM',34),(1008,'37000011','BETTURQUIA','MOHAMMED EL MILOUD',34),(1009,'37000012','BOUHAMAR','MOHAMMED SALAH AMIN',34),(1010,'37000013','BOUSTIL','SIRINE',34),(1011,'37000014','CHAFI','ASMAA',34),(1012,'37000015','CHALABI','CHAIMAA',34),(1013,'37000016','CHAOUI','MOHAMMED',34),(1014,'37000017','DELIMI','Ibrahim mohamed',34),(1015,'37000018','ELAGGOUNE','RANIA',34),(1016,'37000019','GOUAL','ALAA MERIEM',34),(1017,'37000020','HACHEM','AYA',34),(1018,'37000021','KHELIL','MOHAMMED KAMEL',34),(1019,'37000022','KHERIF','SIRINE YAKINE',34),(1020,'37000023','LAZEB EL HANNANI','MOHAMMED REDA',34),(1021,'37000024','LEMDAK','SHAHRAZAD',34),(1022,'37000025','MAKRELOUFI','MEHDI AMAR',34),(1023,'37000026','MAZOUZ','KAWTHER',34),(1024,'37000027','MEROUFEL','ABDERRAHMANE',34),(1025,'37000028','MERZOUG','ISLAM',34),(1026,'37000029','MERZOUKI','YASSINE',34),(1027,'37000030','MOSTEFA','NOUR EL ISLAM',34),(1028,'37000031','NADRI','DOUNIA',34),(1029,'37000032','OBADA','ASAMI',34),(1030,'37000033','OUARAS','DOUAA',34),(1031,'37000034','OULAHCENE','MOHAMED',34),(1032,'37000035','RAHAL','NACER',34),(1033,'37000036','REGUIEG','SALIM',34),(1034,'37000037','SEBBANE','NOUREDDINE',34),(1035,'37000038','TALBI','SANAA',34),(1036,'37000039','ZAOUI','ILYES RAMZI',34),(1037,'37000040','ABBAS','AYMENE YAHIA',35),(1038,'37000041','BAHLOUL','DHIA EDDINE',35),(1039,'37000042','BELBAH','IBTISSEM',35),(1040,'37000043','BENTATA','FATIMA ZOHRA',35),(1041,'37000044','BILLAMI','WASSILA',35),(1042,'37000045','BOUAKLINE','ANAIS INES FATIMA',35),(1043,'37000046','BOUKERROUCHA','ABDERRAHMENE',35),(1044,'37000047','BOUTALBI','MEHDI',35),(1045,'37000048','DAHMANE','SAADIA SAMAH',35),(1046,'37000049','DAHMANI','FATIMA ZOHRA',35),(1047,'37000050','DJAMA','MOHAMMED AMINE',35),(1048,'37000051','EL HANAFI','Batoul',35),(1049,'37000052','HACHEMAOUI','YASMINE FATIHA',35),(1050,'37000053','HACHEMI','RACHIDA LAMISSE',35),(1051,'37000054','HAICHOUR','SOFIANE',35),(1052,'37000055','KADDOURI','YACINE MOHAMMED',35),(1053,'37000056','KAMRAOUI','AYA KHADIDJA',35),(1054,'37000057','LARBI','ABDERRAHMANE RAHIM',35),(1055,'37000058','LAROUCI','FAIROUZ',35),(1056,'37000059','LAROUICI','IBRAHIM ABDELJALIL',35),(1057,'37000060','MANAA','HASNI',35),(1058,'37000061','MANSOURI','SAFAA',35),(1059,'37000062','MEDJBOUR','Chaimaa',35),(1060,'37000063','MEGHOUFEL','KARIMA',35),(1061,'37000064','MEHDI','Mansour',35),(1062,'37000065','MENMAR','RANIA',35),(1063,'37000066','MILOUA','MOHAMMED ABDESSAMED',35),(1064,'37000067','NAIMI','YACINE',35),(1065,'37000068','OMARI','SOFIANE',35),(1066,'37000069','ONGYADAMAN','DE BONDOLMANUELA PASCALE ERIKA',35),(1067,'37000070','ZEDDOUR','ABDALLAH',35),(1068,'37000071','ZEMALACHE','MEGUENNI IMED EDDINE',35),(1069,'37000072','ADDA BEN YOUCEF','AYA',36),(1070,'37000073','AID','MARWA',36),(1071,'37000074','AMROUNE','ABDERRACHID',36),(1072,'37000075','ANSARI','ABDELKRIM',36),(1073,'37000076','AOUIMEUR','ILYES',36),(1074,'37000077','BELAGHIT','YOUNES',36),(1075,'37000078','BELARBI','MERIEM',36),(1076,'37000079','BENDENIA','FATIMA ZOHRA CHAHINEZ',36),(1077,'37000080','BENDJABOUR','OMAR BENALI',36),(1078,'37000081','BENYAMINA','IMANE',36),(1079,'37000082','BORSALI','MOHAMMED EL AMINE',36),(1080,'37000083','BOUACHERIA','NASSIM',36),(1081,'37000084','BOUALEM','Rym',36),(1082,'37000085','BOUAZZA','Nesrine',36),(1083,'37000086','BOUCHAKOUR','SOUHILA IKRAM',36),(1084,'37000087','BOUHAIK','MANEL',36),(1085,'37000088','BOUKHEDIMI','RANIA',36),(1086,'37000089','EL-FODDA','MOSTAPHA',36),(1087,'37000090','ELKEURTI','ANES',36),(1088,'37000091','FATNASSI','MERIEM',36),(1089,'37000092','KADA CHIKH','FATIMA ZOHRA',36),(1090,'37000093','KAIDJOUNIA','ILYES',36),(1091,'37000094','MAOUCHE','MOHAMMED ABDALLAH',36),(1092,'37000095','MEKKI','RIHANE',36),(1093,'37000096','MENBER','HAIFAA',36),(1094,'37000097','OMARI','AYA',36),(1095,'37000098','OUASTI','ABDENNOUR',36),(1096,'37000099','REGUIEG','AYMAN',36),(1097,'37000100','REGUIEG','BOUCHRA',36),(1098,'37000101','SADNIA','MOHAMED',36),(1099,'37000102','SAIDI','AYMENE',36),(1100,'37000103','SAYAH','DOUAA',36),(1101,'37000104','SENHADJI','ISLAM',36),(1102,'37000105','TAIEB','IMANE',36),(1103,'37000106','TALHI','YOUCEF',36),(1104,'37000107','ZERROUKI','IKRAM',36),(1105,'37000108','ZIANI','HADIL KHADIDJA',36),(1106,'37000109','ZOUAI','BAELHADJ',36),(1107,'37000110','AMRANI','MOHAMED ELSADIK BENYAHIA',39),(1108,'37000111','BAHRI','YOUCEF ABDELMALEK',39),(1109,'37000112','BEKHEIRA','HADJER KHEIRA',39),(1110,'37000113','BELKHATIR','HOURIA LAMIS',39),(1111,'37000114','BENAMAR','HOUDA',39),(1112,'37000115','BENARBA','LAHOUARI',39),(1113,'37000116','BENRAHOU','AZZEDDINE EL KASSAM',39),(1114,'37000117','BENYETTOU','MOHAMMED RAMZI',39),(1115,'37000118','BERRAHAL','AYA',39),(1116,'37000119','BOUDJELAL','CHAHRAZAD HOUARIA',39),(1117,'37000120','BOUDJEMA','EL MEHDI',39),(1118,'37000121','BOUGUETTAYA','SOUHILA',39),(1119,'37000122','BOUSSOURI','AHLEM CHAIMAA',39),(1120,'37000123','DADDI','OUAISSA BAKIR',39),(1121,'37000124','DINE','BOUCHRA',39),(1122,'37000125','DOUAIBIA','ANES',39),(1123,'37000126','GOUDJIL','RAYEN',39),(1124,'37000127','GUERBAA','LOUEI',39),(1125,'37000128','HAMIDOU','AYMEN MALIK',39),(1126,'37000129','IZERROUKENE','ASMAA',39),(1127,'37000130','KERROUCHE','MARWA KHADIDJA',39),(1128,'37000131','LALEG','CHAHRAZED',39),(1129,'37000132','LAZREG','MERIEM',39),(1130,'37000133','LEZZAR','AMINA',39),(1131,'37000134','MAGHNIA','BOUALEM YACINE',39),(1132,'37000135','MAKADJOUM','MAMA ROUMAISSA',39),(1133,'37000136','MAKHLOUFI','BOUCHRA YASMINE',39),(1134,'37000137','MANSOURI','ZEHOUR',39),(1135,'37000138','MARREF','ANES ABDELKADER',39),(1136,'37000139','MEHARZI','OUSSAMA',39),(1137,'37000140','NADJI','ZAKARIA MONCEF',39),(1138,'37000141','NEMDILI','ILYES',39),(1139,'37000142','REGUIEG','MOHAMMED ISLEM',39),(1140,'37000143','SAHI','ALAA CHERINE',39),(1141,'37000144','SAYAD','ANFEL',39),(1142,'37000145','SAYAD','SALIHA',39),(1143,'37000146','TAYEBI','ABDELOUAHEB',39),(1144,'37000147','TERBECHE','MAHMOUD',39),(1145,'37000148','YOUBI','ABDELKARIM',39),(1146,'37000149','YOUSFI','KAMEL',39),(1147,'37000150','ZAIKH','AYA IBTISSEME',39),(1148,'37000151','ZAITER','MOHAMMED EL MOUNDJI',39),(1149,'37000152','ZERGUIT','YOUCEF',39),(1150,'37000153','ABBAD','OUISSAL',40),(1151,'37000154','ADDA','MOHAMMED AYMENE',40),(1152,'37000155','ADDANE','YOUSRA FATIHA',40),(1153,'37000156','AGUIAR','KHOULA',40),(1154,'37000157','AIT ZAI','TORKIA',40),(1155,'37000158','ATTIGUI','LYNA',40),(1156,'37000159','BAYA','MOULAY ELOUAFI',40),(1157,'37000160','BEKKI','Kawther',40),(1158,'37000161','BELABID','IKRAM',40),(1159,'37000162','BELADEM','AYAA',40),(1160,'37000163','BELARBI','ISMAHENE DOUAA',40),(1161,'37000164','BELARBI','SAFOUANE SALAH EDDINE',40),(1162,'37000165','BEN AICHOUCHE','ROUMAISSA',40),(1163,'37000166','BENAMARA','Yousra',40),(1164,'37000167','BENJAAFRI','ABDELLAH',40),(1165,'37000168','BENSALEM','MOUNIR',40),(1166,'37000169','BENYOUNES','SANAA',40),(1167,'37000170','BERRAHAL','AYA YOUSRA',40),(1168,'37000171','BOUAZZA','ZERIGAT FATIMA ZOHRA',40),(1169,'37000172','BOUGHRIDA','HAIFAA',40),(1170,'37000173','BOULANOUAR','YACINE',40),(1171,'37000174','BRAHMI','MOHAMED YAHIA',40),(1172,'37000175','CHADLI','ABDELILLAH',40),(1173,'37000176','CHENTOUF','FAROUK ABDERRAHMANE',40),(1174,'37000177','CHOURAQUI','NARIMANE RABIA',40),(1175,'37000178','DAHOU','MERIEM',40),(1176,'37000179','DEMOUCHE','NOUR IMENE',40),(1177,'37000180','DERGAL','RAMZI',40),(1178,'37000181','DJEBBAR','Iman hibat rahmane',40),(1179,'37000182','DJEBBAR','MERIEM',40),(1180,'37000183','ELGHELEM','YOUSRA',40),(1181,'37000184','GHODBANI','MOHAMED EL MEHDI',40),(1182,'37000185','HARMA','ABDELBAQI',40),(1183,'37000186','HASSANI','BOUCHRA',40),(1184,'37000187','HENDI','NADA',40),(1185,'37000188','HICHEM','AYOUB',40),(1186,'37000189','IDDER','ABDENOUR',40),(1187,'37000190','IKHLEF','ANIS',40),(1188,'37000191','KHDRA','ZAINAB',40),(1189,'37000192','KHECHAB','OUASSILLA NOUR EL HOUDA',40),(1190,'37000193','KRARRAZ','BADRA',40),(1191,'37000194','MEHALI','KAMEL SAYED BOUMEDIENE',40),(1192,'37000195','MEHALLI','Douaa selsabil',40),(1193,'37000196','MEKKI','RACHED',40),(1194,'37000197','OUALI','MEHADJI SABRINE HADHIL',40),(1195,'37000198','OUASLA','HOUARIA',40),(1196,'37000199','REMAOUN','RAJAA',40),(1197,'37000200','SAIM','CHAIMA',40),(1198,'37000201','SEHABA','ABIR',40),(1199,'37000202','AGBOUBI','ABDRAOUF',41),(1200,'37000203','ALIANE','NOURHENE',41),(1201,'37000204','AMRANE','ABDERRAHMANE HICHEM',41),(1202,'37000205','ARAR','WAFAA',41),(1203,'37000206','AZIZ','FATMA ZOHRA',41),(1204,'37000207','BABA','RIAD',41),(1205,'37000208','BELZINA','MOHAMED AMINE ABDELKADER',41),(1206,'37000209','BENAICHA','DOUAA',41),(1207,'37000210','BENDAOUD','KAMEL',41),(1208,'37000211','BENDJEBBOUR','HOURIA BATOUL',41),(1209,'37000212','BENFATMA','YASMINE',41),(1210,'37000213','BENFODIL','NESRINE',41),(1211,'37000214','BENREDJIL','SAMI YASSER',41),(1212,'37000215','BENYAICHE','SOUMAYA',41),(1213,'37000216','BENZAOUI','RAYAN MOHAMED RAFIK',41),(1214,'37000217','BETTAHAR','MOHAMMED',41),(1215,'37000218','BOUALAM','SARA',41),(1216,'37000219','BOUDJELLAL','AIDA HANINE',41),(1217,'37000220','BOUKERNAFA','MOHAMMED RYAD',41),(1218,'37000221','BOUKOUIREN','NOUR EL HOUDA',41),(1219,'37000222','BOULADAS','YACINE ABDEL ILLAH',41),(1220,'37000223','CHAIB','MOKHTARIA MARIA',41),(1221,'37000224','DEBBAH','ABDERRAHMANE',41),(1222,'37000225','DERFOUF','ABOUBAKER ESSEDDIK',41),(1223,'37000226','FARES','OTHMAN',41),(1224,'37000227','GHELMOUL','EMBAREK EL AMINE',41),(1225,'37000228','KADIRI','NARIMENE',41),(1226,'37000229','KADRI','MERIEM HANANE',41),(1227,'37000230','MERKOUCHE','RAYENE',41),(1228,'37000231','MESSAOUDI','Mehdi',41),(1229,'37000232','MESSOUBEUR','BOUCHRA',41),(1230,'37000233','MISSOUM','NABILA',41),(1231,'37000234','MOHAMMEDI','FATIMA ZOHRA',41),(1232,'37000235','MOSTEFA','DAOUADJI ADEM',41),(1233,'37000236','MOUHADJER','ILYAS AYOUB',41),(1234,'37000237','MOUSSAOUI','KHOULOUD',41),(1235,'37000238','NEMS','MOHAMED RADHOUANE',41),(1236,'37000239','RAHOU','HAMZA',41),(1237,'37000240','REFSI','MOHAMMED ALI',41),(1238,'37000241','REZINE','ZOULIKHA HAFSA',41),(1239,'37000242','RIANE','Firas salah eddine',41),(1240,'37000243','TIRENIFI','MOHAMMED ZAKARIA',41),(1241,'37000244','TORKI','FAROUK',41),(1242,'37000245','ZIOUANE','MOHAMMED AYMEN',41),(1243,'37510001','ABED','AYA',44),(1244,'37510002','ACHOUCHE','Narimane',44),(1245,'37510003','AIT HAMADOUCHE','LYNDA',44),(1246,'37510004','BELHOUDEDJ','KHEIRA',44),(1247,'37510005','BELKADI','SOUAD',44),(1248,'37510006','BENSAID ZEMALLACH','OUARFARAH',44),(1249,'37510007','BETTICHE','INAS',44),(1250,'37510008','BOUBLENZA','WISSEM',44),(1251,'37510009','BOUDALI','Youcef',44),(1252,'37510010','BOUDJIR','NELLY',44),(1253,'37510011','BOUKHRIS','ABDESSAMED',44),(1254,'37510012','BOUNOUARA','RANIA',44),(1255,'37510013','DAHEUR','MAROUA',44),(1256,'37510014','DAIRA','ISLAM',44),(1257,'37510015','DALLA','NOUR ELHOUDA HADJER',44),(1258,'37510016','DEBAB','IBRAHIM MONCIF',44),(1259,'37510017','FARTAS','RYAD',44),(1260,'37510018','GHERMOUL','OUSSAMA NADJI',44),(1261,'37510019','GHOMARI','IKRAM SARRA',44),(1262,'37510020','GUEZOUL','Aicha',44),(1263,'37510021','HADJ AHMED','IKRAM ROUMAISSAA',44),(1264,'37510022','HALLOO','RAHMA GHIZLENE',44),(1265,'37510023','HAMOUCHE','FAROUDJA',44),(1266,'37510024','HAMZA REGUIG','INES MAISSA',44),(1267,'37510025','KHEFIF','MARWA',44),(1268,'37510026','LAIDI','MOHAMMED',44),(1269,'37510027','MAKHLOUF','YAMINE',44),(1270,'37510028','MEDJADI','KOSSAI CHARAF EDDINE',44),(1271,'37510029','MEKRALDI','AYOUB',44),(1272,'37510030','MESSOUAF','SARA',44),(1273,'37510031','NAHAL','KADA MOHAMMED EL AMINE',44),(1274,'37510032','OTMANI','ABDELAZIZ',44),(1275,'37510033','OUIKENE','AHLEM',44),(1276,'37510034','REBOUH','WALAA',44),(1277,'37510035','SALEM','GHIZLENE',44),(1278,'37510036','SARNI','YOUNES',44),(1279,'37510037','SIFAOUI','ABDERRAHMEN',44),(1280,'37510038','TABELOUT','IMENE',44),(1281,'37510039','ZEHHAR','DJIHENE',44),(1282,'37510040','الطالب','داود',44),(1283,'37510041','ABDELAZIZ','YOUNES',45),(1284,'37510042','ADALA','AMEL LAMIA',45),(1285,'37510043','AIT AOUDIA','DJOUZA',45),(1286,'37510044','ALILI','FATIMA ZOHRA',45),(1287,'37510045','AMMOUR','GHAOUTI',45),(1288,'37510046','AMOKRANE','AOUISSE',45),(1289,'37510047','AOUMEUR','FERDAOUS',45),(1290,'37510048','ATBI','Farah',45),(1291,'37510049','BABA HACENE','MOHAMMED ALI',45),(1292,'37510050','BANOURI','MOHAMMED SAID',45),(1293,'37510051','BARJAS','SAMIRAH MIRNA',45),(1294,'37510052','BARKA','NARIMANE',45),(1295,'37510053','BELGHECHE','ABDELHAK',45),(1296,'37510054','BELHOUCHET','HANANE',45),(1297,'37510055','BENAMARA','Roufaida',45),(1298,'37510056','BENHACHEM','MOUNIS KARIM ELGHALI',45),(1299,'37510057','BENHADI','RANIA',45),(1300,'37510058','BOUHACENE','RAFIK MILOUD',45),(1301,'37510059','BOULENDJAS','FATIMA CHAIMAA',45),(1302,'37510060','BOUZIT','ANES ABDERRAHMANE',45),(1303,'37510061','CHERGUI','IBRAHIM',45),(1304,'37510062','DJATOU','KHADIDJA',45),(1305,'37510063','DJELLID','RAHMA',45),(1306,'37510064','GHALEM','SERINE',45),(1307,'37510065','GUENDOUZ','FATIMA',45),(1308,'37510066','HABBADI','ABDESSAMI',45),(1309,'37510067','HAMIMED','MOHAMMED ELAMINE',45),(1310,'37510068','KASMI','RIFAL',45),(1311,'37510069','KERRAS','FERIEL',45),(1312,'37510070','LAHBOUS','Yacine',45),(1313,'37510071','LAKJA','MUSTAPHA',45),(1314,'37510072','MAHBOUB','NARIMENE',45),(1315,'37510073','MILOUDI','NEZHA',45),(1316,'37510074','NAOUI','ABDELKADER',45),(1317,'37510075','RAMDANI','MARIA ASSALA',45),(1318,'37510076','REDJOUH','Chahinez',45),(1319,'37510077','REZIG','MOHAMMED RAFIK',45),(1320,'37510078','SALHI','FATIMA SANA',45),(1321,'37510079','TALEB','MOUHAMED RAYANE DJAZOUL',45),(1322,'37510080','TIMSIT','ABDENNOUR',45),(1323,'37510081','ZERFA','AOUATIF RAJAA',45),(1324,'37510082','ABBOUKEBIR','WALID',46),(1325,'37510083','AHMED FOUATIH','Nesrine',46),(1326,'37510084','AIDA','MAGHNIA',46),(1327,'37510085','AIT AOUDIA','YAMINA',46),(1328,'37510086','AMARA','DOUAA',46),(1329,'37510087','AOUF','OMAR',46),(1330,'37510088','AZZOUZ','SOUHILA LEILA',46),(1331,'37510089','BAAKIA','HANANE',46),(1332,'37510090','BABA AHMED','Ibtissem',46),(1333,'37510091','BAKRI','Rayane',46),(1334,'37510092','BEKHAIRI','ASMAA',46),(1335,'37510093','BEKHIRA','Abdelkrim',46),(1336,'37510094','BELABED','IBRAHIM ABDELAZIZ',46),(1337,'37510095','BELAID','AYMEN AZEDDINE',46),(1338,'37510096','BELAMRI','MERIEM EL BATOUL',46),(1339,'37510097','BELDJILALI','AFAF',46),(1340,'37510098','BELKACEM','LIDYA JIJIGA',46),(1341,'37510099','BELLOUT','ABDERRAHIM',46),(1342,'37510100','BENABDELMOUMENE','HADJER',46),(1343,'37510101','BENDEHINA','MALEK FATIMA ZOHRA',46),(1344,'37510102','BENKHEDJA','ABDENOUR',46),(1345,'37510103','BENNECIB','CHAIMAA',46),(1346,'37510104','BENSLIMANE','FAROUK',46),(1347,'37510105','BENYAHIA','IBRAHIM ELKHALIL',46),(1348,'37510106','BENZINEB','MOHAMED',46),(1349,'37510107','BERDANE','FATIMA ZINA IBTIHAL',46),(1350,'37510108','BERKANE KRACHAI','Hafsa',46),(1351,'37510109','BOUCHENAKI','NOURHENE',46),(1352,'37510110','CHAIBDRA','DJAWED',46),(1353,'37510111','CHOUGRANI','Rym aya',46),(1354,'37510112','DANI','ALAA ASMAA',46),(1355,'37510113','DJATOU','IMENE',46),(1356,'37510114','DJATOU','KAWTHER',46),(1357,'37510115','DJEFFAL-DJELLOUL SAYAH','KAWTHER',46),(1358,'37510116','DJELLOUL','ANIS',46),(1359,'37510117','ELAOUEDJ','ADEM',46),(1360,'37510118','FARSI','NESRINE KHEIRA',46),(1361,'37510119','GHEMRI','AYA',46),(1362,'37510120','GHITRI','ADEL',46),(1363,'37510121','GUESMI','WIDAD',46),(1364,'37510122','HADJAL','Mokhtar Mohammed Lamine',46),(1365,'37510123','IKHLEF','YASSER',46),(1366,'37510124','KADI','ISLAM',46),(1367,'37510125','KHELAFI','ASMAA',46),(1368,'37510126','LITIM','Ahmed abdelghafour',46),(1369,'37510127','LOUKIL','MOHAMMED ILYES',46),(1370,'37510128','LOUKIL','Othméne- ayoub',46),(1371,'37510129','LOUKIL','YAMINA FERIEL',46),(1372,'37510130','MADOUI','Hichem ilies',46),(1373,'37510131','MALKI','FOUAD',46),(1374,'37510132','MEBKHOUT','YOUCEF',46),(1375,'37510133','MECHERI','Fatima zohra',46),(1376,'37510134','MEKKAOUI','ABDELALI',46),(1377,'37510135','MIRI','NESRINE',46),(1378,'37510136','MOURO','KAWTHER',46),(1379,'37510137','NEGADI','MOHAMED AYMEN',46),(1380,'37510138','RAHAB','MOHAMMED',46),(1381,'37510139','RIAH','YOUCEF',46),(1382,'37510140','ROUIBI','ZAHRAA HIBATOU ALLAH',46),(1383,'37510141','SALAH','Ahlem- nour -imene',46),(1384,'37510142','SEMMACHE','KHADIDJA',46),(1385,'37510143','SERIDJ','HOUSSEM EDDINE',46),(1386,'37510144','SMAIL','TAHA MILOUD',46),(1387,'37510145','TOUATI','HANENE',46),(1388,'37510146','TOUIL','FERIEL',46),(1389,'37510147','TOUMI','YASMINE',46),(1390,'37510148','ZAROUR','AMINE',46),(1391,'37510149','ZEGRAOUI','Rayane mohammed',46),(1392,'37510150','ABBAD','Malik',47),(1393,'37510151','ABBOU','MOHAMMED ABD EL KADER',47),(1394,'37510152','ABELLAH','ABDELHAKIM',47),(1395,'37510153','ADDI','Mohammed seif eddine',47),(1396,'37510154','AGOUN','YOUSRA',47),(1397,'37510155','AHMED','DIYAR',47),(1398,'37510156','AID','RADIA',47),(1399,'37510157','BADAHOU','ZAKARYA',47),(1400,'37510158','BAKALA','Khadidja',47),(1401,'37510159','BAKHOUCHE','AYA',47),(1402,'37510160','BENABDALLAH','Aboubaker Esseddik',47),(1403,'37510161','BENBRAHIM','ZOUBIDA',47),(1404,'37510162','BENMOUSSA','Younes',47),(1405,'37510163','BENNIHI','HANANE',47),(1406,'37510164','BENYAHIA','Nadjiellah abderrahmane',47),(1407,'37510165','BENZAIRA','AICHA',47),(1408,'37510166','BERBER','MOHAMMED EL HADI',47),(1409,'37510167','BERKAOUI','Bilal',47),(1410,'37510168','BERNAOUI','Mehdi',47),(1411,'37510169','BERRACHOUA','KARIMA',47),(1412,'37510170','BOUARFA','Ghania',47),(1413,'37510171','BOUDJABI','MANEL',47),(1414,'37510172','BOUKHRISS','Mohammed ilyas',47),(1415,'37510173','BOUNKHALA','MARWA',47),(1416,'37510174','BOURAYOU','Abdelhamid',47),(1417,'37510175','BOUTALEB','FATIMA ZOHRA',47),(1418,'37510176','BRIK','KHADIDJA',47),(1419,'37510177','CHEMLAL','MARIA DOUAA',47),(1420,'37510178','CHENANE','Mohammed',47),(1421,'37510179','CHOUARI','ROWAIDA',47),(1422,'37510180','ELMOKRETAR','Asma',47),(1423,'37510181','FARDEHEB','MERIEM',47),(1424,'37510182','GHALEM','MOUNCEF KAMAR EDDINE',47),(1425,'37510183','GHEMRI','Lyna',47),(1426,'37510184','HACHEMI','AYMEN CHEMS EDDINE',47),(1427,'37510185','HAFFAR','IMENE',47),(1428,'37510186','HAMMADA','NIHEL',47),(1429,'37510187','HAMMAR','Youcef',47),(1430,'37510188','KACEMI','AHMED YACINE',47),(1431,'37510189','KACEMI','MOHAMED ILYES',47),(1432,'37510190','KADDOUR BENATTIA','AYOUB',47),(1433,'37510191','KAMEL','ALAA',47),(1434,'37510192','KECHAR','NOUREDDINE AYOUB',47),(1435,'37510193','KETIT','KARIMA',47),(1436,'37510194','KHADIR','HAITHEM',47),(1437,'37510195','KHANTAR','Hadjer',47),(1438,'37510196','KHELIL','Soraya',47),(1439,'37510197','KHELLADI','ABDALLAH',47),(1440,'37510198','KHETIB','AYOUB',47),(1441,'37510199','KHETTOU','MOHAMED HAMZA',47),(1442,'37510200','LAABANE','HASSENE',47),(1443,'37510201','LARBES','FATIMA ELZAHRA',47),(1444,'37510202','LEKOUN','Fatima zohra',47),(1445,'37510203','MANSOURI','MOUSTAFA',47),(1446,'37510204','MATI','SOHEIB',47),(1447,'37510205','MEDIENE','Manil',47),(1448,'37510206','MEDJDOUBI','FERIAL',47),(1449,'37510207','MEDJEBER','ABDELLATIF',47),(1450,'37510208','MEHELLI','Aicha soundous',47),(1451,'37510209','MENAD','Barhane maade eddine',47),(1452,'37510210','MIMOUN','Hadjer',47),(1453,'37510211','NECHNICHE','Nihed',47),(1454,'37510212','OULDELALA','WISSEM AICHA',47),(1455,'37510213','RIZOUGA','SOUHILA',47),(1456,'37510214','SEBIANE','AHMED YACINE',47),(1457,'37510215','SLIMANI','Adel',47),(1458,'37510216','SOLTANI','MOHAMED ELAMINE',47),(1459,'37510217','TEFFAHI','Ismail',47),(1460,'37510218','ZAHI','MOHAMMED ISLEM',47),(1461,'37510219','ZEGRAR','SARAH IMENE',47),(1462,'L1S337000246','ABADA','MOHAMED ALAA EDDINE',33),(1463,'L1S337000247','ABDELLAOUI','HOCINE MANSOUR',33),(1464,'L1S337000248','AMMAR','SAID AYMEN',33),(1465,'L1S337000249','ATTOUTI','MOHAMMED',33),(1466,'L1S337000250','BACHIR','MOHAMED BAGHDAD',33),(1467,'L1S337000251','BEBBOUCHE','MERIEM',33),(1468,'L1S337000252','BEHNES','MOKHTAR RAMI',33),(1469,'L1S337000253','BEKKACHACHE','MOHAMMED EL AMINE',33),(1470,'L1S337000254','BELAL','ALI',33),(1471,'L1S337000255','BEN MAAMAR','YOUCEF NASSIM',33),(1472,'L1S337000256','BENABDALLAH','MAYSSAA',33),(1473,'L1S337000257','BENACEUR','NADIR E RAHMENE',33),(1474,'L1S337000258','BENADDA','Narimen',33),(1475,'L1S337000259','BENOUIS','MOHAMMED AMINE',33),(1476,'L1S337000260','BENYOUCEF','BRAHIM HOUARI',33),(1477,'L1S337000261','BETTAHAR','YACINE EL MEHDI',33),(1478,'L1S337000262','BOUARAOUR','ABDELKADER',33),(1479,'L1S337000263','BOUARFA','AHMED AMINE',33),(1480,'L1S337000264','BOUAZA','AZZEDINE',33),(1481,'L1S337000265','DARI','MOHAMMED EL OUASSINI',33),(1482,'L1S337000266','GHARRICH','MOHAMMED EL AMINE',33),(1483,'L1S337000267','GUELLIL','SARAH',33),(1484,'L1S337000268','GUETTARI','WARDA',33),(1485,'L1S337000269','GUEZOURI','RAYENE',33),(1486,'L1S337000270','HOUDJEDJE','ABDELLAH',33),(1487,'L1S337000271','KEBIR','MOHAMED REDA',33),(1488,'L1S337000272','KHELIL','HALIMA',33),(1489,'L1S337000273','MAHROUG','AHMED ABDERRAHMANE',33),(1490,'L1S337000274','MAZOUZ','MUSTAPHA',33),(1491,'L1S337000275','MEDJANI','MALAK',33),(1492,'L1S337000276','MEKRI','RANIA',33),(1493,'L1S337000277','MERABET','INES WAFAA',33),(1494,'L1S337000278','MERROUCHE','MESSAOUD MASSINE',33),(1495,'L1S337000279','MOUMENE','ABIR',33),(1496,'L1S337000280','MUHAMMAD','UMAR IDIRIS',33),(1497,'L1S337000281','NASRI','YOUNESSE',33),(1498,'L1S337000282','OURKA','NESRINE',33),(1499,'L1S337000283','SAADI','MOHAMED REDA',33),(1500,'L1S337000284','SAFI','ABDERRAHIM',33),(1501,'L1S337000285','SAIOUD','MOHAMMED RAYANE',33),(1502,'L1S337000286','SAMINU','MOHAMMAD NJOBDI',33),(1503,'L1S337000287','SEFFIH','TAMER',33),(1504,'L1S337000288','SEHABA','AMINA',33),(1505,'L1S337000289','SLIMANI','SAADIA NOURHANE',33),(1506,'L1S337000290','SOUSSI','ISHAK',33),(1507,'L1S337000291','TALBI','ABDERRAHIM',33),(1508,'L1S337000292','TALEB','ADAM',33),(1509,'L1S337000293','YACOUBI','LOUKMENE',33),(1510,'L1S337000294','ZINE','YAHIA',33),(1511,'L1S337000295','DJATOU','FATIMA ZOHRA BATOUL',33),(1512,'L1S337000296','ADOUANE','YASMINE',30),(1513,'L1S337000297','AHRIKENCHIKH','LYDIA',30),(1514,'L1S337000298','AISSANI','MOHAMMED REDA',30),(1515,'L1S337000299','AMARA','AMIRA CHAHRAZED',30),(1516,'L1S337000300','BAAZIZ','MALAK ROUMAISSA',30),(1517,'L1S337000301','BADAD','AALI Minetu',30),(1518,'L1S337000302','BAJAWI','KAIS',30),(1519,'L1S337000303','BELKAID','MERIEM',30),(1520,'L1S337000304','BEN SLITANE','IKRAM',30),(1521,'L1S337000305','BENACHOUR','AHMED YACINE',30),(1522,'L1S337000306','BENCHORFI','DOUAA',30),(1523,'L1S337000307','BENHABARA','HOUSSEM EDDINE NASR ALLAH',30),(1524,'L1S337000308','BENMECHTA','ALAA EDDINE ABDELKADER',30),(1525,'L1S337000309','BENOUZZA','WISSEM',30),(1526,'L1S337000310','BENSMIRA','YAMINA',30),(1527,'L1S337000311','BENTATA','FATMA ZAHRAA',30),(1528,'L1S337000312','BENZAHAF','CHEMSS EDDINE',30),(1529,'L1S337000313','BIDAI','Fatima malak',30),(1530,'L1S337000314','BOUBLENZA','RAYANE',30),(1531,'L1S337000315','BOUHADEF','WAFAA',30),(1532,'L1S337000316','BOUHADIBA','IKRAM',30),(1533,'L1S337000317','BOULIL','HIND',30),(1534,'L1S337000318','CHERIF','KHADIDJA',30),(1535,'L1S337000319','DHALSI','ARAFAT',30),(1536,'L1S337000320','DJEDID','IKRAM',30),(1537,'L1S337000321','HAFFAR','MOHAMMED EL AMINE',30),(1538,'L1S337000322','HAMMAS','MOHAMED ABDELMADJID',30),(1539,'L1S337000323','HAMZA','AYA MOHAMED',30),(1540,'L1S337000324','LABIOD','NOUR',30),(1541,'L1S337000325','LELLOU','AMINA',30),(1542,'L1S337000326','MAHAMMED','RYM',30),(1543,'L1S337000327','MAMCHAOUI','HAMZA',30),(1544,'L1S337000328','MANSOURI','YOUNES',30),(1545,'L1S337000329','MAZOUDJ','YOUNES BAHAA EDDINE',30),(1546,'L1S337000330','MEHOUENE','FATIMA ZOHRA',30),(1547,'L1S337000331','MEKROUSSI','ABDELHAKIM',30),(1548,'L1S337000332','MESLEM','MOHAMED WALID',30),(1549,'L1S337000333','RAHIEL','MOHAMMED YACINE',30),(1550,'L1S337000334','SADOUKI','YOUCEF',30),(1551,'L1S337000335','SAIDI','YANIS KHAMIS',30),(1552,'L1S337000336','SAIED','NOURSSINE',30),(1553,'L1S337000337','SEMMAR','ADAM ILIANE',30),(1554,'L1S337000338','SENHADJI','IMED EDDINE',30),(1555,'L1S337000339','SENNI','CHIRAZ',30),(1556,'L1S337000340','SI ABDELKADER','ABDELKADER',30),(1557,'L1S337000341','SIRAT','MARWA',30),(1558,'L1S337000342','SMAHI','MOHAMMED CHEIKH',30),(1559,'L1S337000343','TAIEB','BOUDERBAL FAIZA',30),(1560,'L1S337000344','TLEMCANI','YOUSRA',30),(1561,'L1S337000345','ZITOUNI','RAYHANE KHEIRA',30),(1562,'L1S337000346','AMEUR','FETH ALLAH',31),(1563,'L1S337000347','AMRANI','MOHAMMED',31),(1564,'L1S337000348','AMROUCHE','MOHAMED ABDERREHMANE',31),(1565,'L1S337000349','BACHIK','KAOUTHER',31),(1566,'L1S337000350','BAOUCHE','ZOUBIDA GHIZLENE',31),(1567,'L1S337000351','BENAIDA','DJAWIDA BOUCHRA',31),(1568,'L1S337000352','BENDELLAH','Chaimae',31),(1569,'L1S337000353','BENSAAD','ALI ABDELKADER',31),(1570,'L1S337000354','BOUALEM','RIHEM',31),(1571,'L1S337000355','BOUDJENANE','MALEK HIND',31),(1572,'L1S337000356','BOULAHDOUR','SAFAA',31),(1573,'L1S337000357','BOUMAZA','AHAB',31),(1574,'L1S337000358','BOUROUIS','LAHOUARI',31),(1575,'L1S337000359','BOUSMAHA','MOHAMED',31),(1576,'L1S337000360','BOUZIANI','HIBA ZAHRA',31),(1577,'L1S337000361','BOUZID','CHAHREDDINE',31),(1578,'L1S337000362','DJAMA','ZAKARIA ANIS',31),(1579,'L1S337000363','DJEBBAR','YACINE',31),(1580,'L1S337000364','EL GHOUL','MOULAY HACHEM',31),(1581,'L1S337000365','FERHAT','AKRAM AMINE',31),(1582,'L1S337000366','GOMRI','RANIA',31),(1583,'L1S337000367','GUEDOUAR','FETHI NOUR EL SALEM',31),(1584,'L1S337000368','HOFRI','MUSTAPHA',31),(1585,'L1S337000369','KAMEL','HAMZA',31),(1586,'L1S337000370','KAZI AOUAL','MOHAMMED NAHID',31),(1587,'L1S337000371','KELTOUMI','LOUBNA',31),(1588,'L1S337000372','LADJABI','MEHDI',31),(1589,'L1S337000373','LAMROUS','HANAA',31),(1590,'L1S337000374','LEZOUL','MOHAMED NAFAA',31),(1591,'L1S337000375','MADOURI','YOUCEF DJAWED',31),(1592,'L1S337000376','MAHI','HAFED',31),(1593,'L1S337000377','MOKEDDEM','HADJIRA',31),(1594,'L1S337000378','MOKHTARI','ROUMAISSA',31),(1595,'L1S337000379','NEMICHI','NIHAL KHADIDJA',31),(1596,'L1S337000380','NOUASRI','NADJIB',31),(1597,'L1S337000381','OUDAD','TAREK NADIR',31),(1598,'L1S337000382','OULD ALI','ABDELMALIK',31),(1599,'L1S337000383','REZINE','YASSER',31),(1600,'L1S337000384','SABRI','YOUCEF ISLEM',31),(1601,'L1S337000385','SALAH','YAMINA NESRINE',31),(1602,'L1S337000386','SEKKAL','ILYES',31),(1603,'L1S337000387','SLIMANE','AHMED YACINE',31),(1604,'L1S337000388','TALHAOUI','Ilhem hadjer',31),(1605,'L1S337000389','YELLES CHAOUCHE','NOUR MOHAMED',31),(1606,'L1S337000390','دبدة حاج','أمنية شيماء',31),(1607,'L1S337000391','ABBES','AHMED ISLEM',32),(1608,'L1S337000392','AIT ZEGGAGH','MOHAMED REDA',32),(1609,'L1S337000393','AOUMEUR','ABDELMEDJID AMINE',32),(1610,'L1S337000394','AYAT','WAIL',32),(1611,'L1S337000395','BELAHCENE','Sadek mohammed islem',32),(1612,'L1S337000396','BELHABIB','Ibrahim',32),(1613,'L1S337000397','BELMOKADEM','AYA',32),(1614,'L1S337000398','BENCHIKH','ZINEB',32),(1615,'L1S337000399','BENDERBAL','INSAF',32),(1616,'L1S337000400','BENTATA','NIHAD',32),(1617,'L1S337000401','BENTRIA','SARA RAYAN',32),(1618,'L1S337000402','BENZERGA','MOHAMED AMEN EDDINE',32),(1619,'L1S337000403','BETTAHAR','Mouna kaouther',32),(1620,'L1S337000404','BOUCHENTOUF','NASSIM ALI',32),(1621,'L1S337000405','BOUDJELLA','OUSSAMA OMAR ELHEK',32),(1622,'L1S337000406','BOUMENAD','FARES DJILLALI',32),(1623,'L1S337000407','BOURAYA','TAHER ILYES',32),(1624,'L1S337000408','CHAKEUR','AHMED',32),(1625,'L1S337000409','CHEHIR','DJAMILA',32),(1626,'L1S337000410','CHERGUI','Salah eddine',32),(1627,'L1S337000411','CHIKH','ABDELKARIM',32),(1628,'L1S337000412','DJEFFAL DJELLOUL','SAIAH IKRAM',32),(1629,'L1S337000413','DJELAD','MOHAMMED ABDELILLAH',32),(1630,'L1S337000414','FLITI','YOUNES',32),(1631,'L1S337000415','HABALLA','BOUSAAD BRAHIM',32),(1632,'L1S337000416','HADJ DJELLOUL','AMEN ALLAH',32),(1633,'L1S337000417','HENNI','YASSER',32),(1634,'L1S337000418','KADA BENOUNANE','AHMED REDHA',32),(1635,'L1S337000419','LAKEHAL','MOHAMMED EL AMINE',32),(1636,'L1S337000420','LAKEHAL','NASSIM',32),(1637,'L1S337000421','MAHDJOUB','MOKHTAR',32),(1638,'L1S337000422','MEHALAINE','NARMINE',32),(1639,'L1S337000423','MENAD','ABDELGHANI',32),(1640,'L1S337000424','MEZOUARI','Abdelillah',32),(1641,'L1S337000425','MOKADDEM','IKHLAS',32),(1642,'L1S337000426','MOUALEM','YACINE',32),(1643,'L1S337000427','NAIT SLIMANI','MASSINISSA',32),(1644,'L1S337000428','RAZINE','DJAOUED',32),(1645,'L1S337000429','SABEUR CHOUIREF','IMAD EDDINE',32),(1646,'L1S337000430','SAID ALAA','HANAA',32),(1647,'L1S337000431','SALEM','Bouchra',32),(1648,'L1S337000432','SEGHIER','ANES ABDELKADER',32),(1649,'L1S337000433','SERRADJ','Adnene',32),(1650,'L1S337000434','SERRAG','CHAHRAZED',32),(1651,'L1S337000435','SIDI YAKOUB','BOUMEDIENE',32),(1652,'L1S337000436','YAKOUTA','NOUR HOUARI',32),(1653,'L1S337000437','YOUNSI','ABLA',32),(1654,'L1S337000438','ZERRIAHEN','FOUAD MUSTAPHA',32),(1655,'L1S337000439','ZERROUKI','MOHAMED',32),(1656,'L1S337000440','ZIANE','FATIMA',32);
/*!40000 ALTER TABLE `etudiants` ENABLE KEYS */;
UNLOCK TABLES;

--
-- Table structure for table `formations`
--

DROP TABLE IF EXISTS `formations`;
/*!40101 SET @saved_cs_client     = @@character_set_client */;
/*!50503 SET character_set_client = utf8mb4 */;
CREATE TABLE `formations` (
  `id_formation` int NOT NULL AUTO_INCREMENT,
  `code` varchar(50) NOT NULL,
  `nom_complet` varchar(200) DEFAULT NULL,
  `domaine` varchar(100) DEFAULT NULL,
  `branche` varchar(100) DEFAULT NULL,
  `cycle` varchar(50) DEFAULT 'licence',
  `niveau` int DEFAULT '1',
  `annee_debut` varchar(20) DEFAULT NULL,
  `annee_expiration` varchar(20) DEFAULT NULL,
  PRIMARY KEY (`id_formation`)
) ENGINE=InnoDB AUTO_INCREMENT=7 DEFAULT CHARSET=utf8mb4 COLLATE=utf8mb4_0900_ai_ci;
/*!40101 SET character_set_client = @saved_cs_client */;

--
-- Dumping data for table `formations`
--

LOCK TABLES `formations` WRITE;
/*!40000 ALTER TABLE `formations` DISABLE KEYS */;
INSERT INTO `formations` VALUES (4,'L1Info','Informatique','Mathematiques et Informatique','Informatique','licence',1,'2025',NULL),(5,'L2Info','Informatique','Mathematiques et Informatique','Informatique','licence',2,'2018','2025'),(6,'L3SI','Systèmes Informatiques','Mathematiques et Informatique','Informatique','licence',3,'2018',NULL);
/*!40000 ALTER TABLE `formations` ENABLE KEYS */;
UNLOCK TABLES;

--
-- Table structure for table `groupes`
--

DROP TABLE IF EXISTS `groupes`;
/*!40101 SET @saved_cs_client     = @@character_set_client */;
/*!50503 SET character_set_client = utf8mb4 */;
CREATE TABLE `groupes` (
  `id_groupe` int NOT NULL AUTO_INCREMENT,
  `libelle` varchar(50) NOT NULL,
  `niveau` varchar(50) DEFAULT 'L3',
  `section` varchar(50) DEFAULT 'A',
  `type_seance` varchar(50) DEFAULT NULL,
  `id_module` int DEFAULT NULL,
  PRIMARY KEY (`id_groupe`),
  KEY `id_module` (`id_module`),
  CONSTRAINT `groupes_ibfk_1` FOREIGN KEY (`id_module`) REFERENCES `modules` (`id_module`) ON DELETE SET NULL
) ENGINE=InnoDB AUTO_INCREMENT=49 DEFAULT CHARSET=utf8mb4 COLLATE=utf8mb4_0900_ai_ci;
/*!40101 SET character_set_client = @saved_cs_client */;

--
-- Dumping data for table `groupes`
--

LOCK TABLES `groupes` WRITE;
/*!40000 ALTER TABLE `groupes` DISABLE KEYS */;
INSERT INTO `groupes` VALUES (22,'Gr1','L1','Section 1',NULL,NULL),(23,'Gr2','L1','Section 1',NULL,NULL),(24,'Gr3','L1','Section 1',NULL,NULL),(25,'Gr4','L1','Section 1',NULL,NULL),(26,'Gr5','L1','Section 2',NULL,NULL),(27,'Gr6','L1','Section 2',NULL,NULL),(28,'Gr7','L1','Section 2',NULL,NULL),(29,'Gr8','L1','Section 2',NULL,NULL),(30,'Gr9','L1','Section 3',NULL,NULL),(31,'Gr10','L1','Section 3',NULL,NULL),(32,'Gr11','L1','Section 3',NULL,NULL),(33,'Gr12','L1','Section 3',NULL,NULL),(34,'Gr1','L2','Section 1',NULL,NULL),(35,'Gr2','L2','Section 1',NULL,NULL),(36,'Gr3','L2','Section 1',NULL,NULL),(37,'Gr4','L2','Section 1',NULL,NULL),(38,'Gr5','L2','Section 1',NULL,NULL),(39,'Gr6','L2','Section 2',NULL,NULL),(40,'Gr7','L2','Section 2',NULL,NULL),(41,'Gr8','L2','Section 2',NULL,NULL),(42,'Gr9','L2','Section 2',NULL,NULL),(43,'Gr10','L2','Section 2',NULL,NULL),(44,'Gr1','L3','Section 1',NULL,NULL),(45,'Gr2','L3','Section 1',NULL,NULL),(46,'Gr3','L3','Section 2',NULL,NULL),(47,'Gr4','L3','Section 2',NULL,NULL),(48,'Gr5','L3','Section 2',NULL,NULL);
/*!40000 ALTER TABLE `groupes` ENABLE KEYS */;
UNLOCK TABLES;

--
-- Table structure for table `modules`
--

DROP TABLE IF EXISTS `modules`;
/*!40101 SET @saved_cs_client     = @@character_set_client */;
/*!50503 SET character_set_client = utf8mb4 */;
CREATE TABLE `modules` (
  `id_module` int NOT NULL AUTO_INCREMENT,
  `nom_module` varchar(100) NOT NULL,
  `code_module` varchar(50) DEFAULT NULL,
  `coefficient` decimal(3,1) NOT NULL,
  `semestre` enum('S1','S2','S3','S4','S5','S6') NOT NULL DEFAULT 'S1',
  `credits` int DEFAULT '6',
  `id_ue` int DEFAULT NULL,
  `id_formation` int DEFAULT NULL,
  `poids_exam` decimal(3,2) DEFAULT '0.60',
  `poids_td` decimal(3,2) DEFAULT '0.20',
  `poids_tp` decimal(3,2) DEFAULT '0.20',
  PRIMARY KEY (`id_module`),
  KEY `id_ue` (`id_ue`),
  KEY `id_formation` (`id_formation`),
  CONSTRAINT `modules_ibfk_1` FOREIGN KEY (`id_ue`) REFERENCES `unites_enseignement` (`id_ue`) ON DELETE SET NULL,
  CONSTRAINT `modules_ibfk_2` FOREIGN KEY (`id_formation`) REFERENCES `formations` (`id_formation`) ON DELETE SET NULL
) ENGINE=InnoDB AUTO_INCREMENT=94 DEFAULT CHARSET=utf8mb4 COLLATE=utf8mb4_0900_ai_ci;
/*!40101 SET character_set_client = @saved_cs_client */;

--
-- Dumping data for table `modules`
--

LOCK TABLES `modules` WRITE;
/*!40000 ALTER TABLE `modules` DISABLE KEYS */;
INSERT INTO `modules` VALUES (46,'Analyse1','analyse1',4.0,'S1',6,26,4,0.60,0.40,0.00),(47,'Algèbre1','algebre1',2.0,'S1',4,26,4,0.60,0.40,0.00),(48,'Algorithmique et structure de données 1','Algo1',5.0,'S1',7,27,4,0.60,0.20,0.20),(49,' Structure machine 1','STRM1',3.0,'S1',5,27,4,0.60,0.40,0.00),(50,'Logiciels libres (Open source)','OpenSource',1.0,'S1',2,28,4,1.00,0.20,0.00),(51,'Langue Etrangère','Anglais1',1.0,'S1',2,29,4,1.00,0.20,0.00),(52,'Electricité générale','Pḧys1',2.0,'S1',4,30,4,0.60,0.40,0.00),(53,'Analyse 2','Analyse2',4.0,'S2',6,31,4,0.60,0.40,0.00),(54,'Algèbre 2','Algb2',2.0,'S2',4,31,4,0.60,0.40,0.00),(55,'Algorithmique et structure de données 2','Algo2',5.0,'S2',7,32,4,0.60,0.20,0.20),(56,'Structure machine 2','STRM2',3.0,'S2',5,32,4,0.60,0.40,0.00),(57,'Logique Mathématique ','logicM',1.0,'S2',2,33,4,0.60,0.40,0.00),(58,'Introduction à l\'Intelligence Artificielle','IIA',1.0,'S2',2,33,4,0.60,0.20,0.40),(59,'Electronique fondamentale','Elect',2.0,'S2',4,34,4,0.60,0.40,0.00),(60,'Architecture des ordinateurs ','archi',3.0,'S3',5,35,5,0.60,0.20,0.20),(61,'Algorithmique et structure de données 3','ASD',3.0,'S3',6,35,5,0.60,0.20,0.20),(62,'Systèmes d\'information','SI',3.0,'S3',5,36,5,0.60,0.20,0.20),(63,'Théorie des graphes','TG',2.0,'S3',4,36,5,0.60,0.40,0.00),(64,'Méthodes numériques','MN',2.0,'S3',4,37,5,0.60,0.20,0.40),(65,'Logique mathématique ','LM',2.0,'S3',4,37,5,0.60,0.40,0.00),(66,'Anglais 2','Ang2',1.0,'S3',2,38,5,1.00,0.20,0.00),(67,'Théorie des langages','RI',2.0,'S4',5,39,5,0.60,0.20,0.20),(68,'Système d\'exploitation 1','SE1',3.0,'S4',5,39,5,0.60,0.20,0.20),(69,'Bases de données','BD',3.0,'S4',5,40,5,0.60,0.20,0.20),(70,' Réseaux','Res',3.0,'S4',5,40,5,0.60,0.20,0.20),(71,'Programmation orienté objet ','POO',2.0,'S4',4,41,5,0.60,0.20,0.40),(72,'Developpement d\'applications Web','Web',2.0,'S4',4,41,5,0.60,0.20,0.40),(73,'Anglais 3','Ang3',1.0,'S4',2,42,5,1.00,0.20,0.00),(74,'Systèmes d\'exploitation','SE',3.0,'S5',5,43,6,0.60,0.20,0.20),(75,'Compilation','Comp',3.0,'S5',5,43,6,0.60,0.20,0.20),(76,'Génie Logiciel','GL2',3.0,'S5',5,44,6,0.60,0.20,0.20),(77,'IHM','IHM',3.0,'S5',5,44,6,0.60,0.20,0.20),(78,'Programmation linéaire','PL',2.0,'S5',4,45,6,0.60,0.40,0.00),(79,'Probabilités','Proba',2.0,'S5',4,45,6,0.60,0.40,0.00),(80,'Economie numérique et veille stratégique','Econum',1.0,'S5',2,46,6,0.60,1.00,0.00),(81,'Applications Mobile','mobile',3.0,'S6',5,47,6,0.60,0.20,0.40),(82,'Sécurité Informatique','secu',3.0,'S6',5,47,6,0.60,0.40,0.00),(83,'Intelligenece Artificielle','IA',3.0,'S6',5,48,6,0.60,0.20,0.40),(84,'Données semi structurées','DSS',3.0,'S6',5,48,6,0.60,0.20,0.40),(85,'Projet','projet',3.0,'S6',6,49,6,1.00,0.00,0.00),(86,'Rédaction Scientifique','redaction',3.0,'S6',2,49,6,0.00,1.00,0.00),(87,' Créer une startup','startup',1.0,'S6',2,50,6,1.00,0.20,0.00),(88,'Terminologie','Term',1.0,'S1',1,NULL,NULL,0.60,0.20,0.20),(89,'Anglais 2','Ang2_S2',1.0,'S2',1,NULL,NULL,0.60,0.20,0.20),(90,'Probabilités et Statistiques','ProbaS2',3.0,'S2',4,NULL,NULL,0.60,0.20,0.20),(91,'Outils Mathématiques','OM',2.0,'S2',3,NULL,NULL,0.60,0.20,0.20),(92,'Technologies de l\'Information','TIC',2.0,'S2',2,NULL,NULL,0.60,0.20,0.20),(93,'Physique 2','Phys2',2.0,'S2',3,NULL,NULL,0.60,0.20,0.20);
/*!40000 ALTER TABLE `modules` ENABLE KEYS */;
UNLOCK TABLES;

--
-- Table structure for table `notes`
--

DROP TABLE IF EXISTS `notes`;
/*!40101 SET @saved_cs_client     = @@character_set_client */;
/*!50503 SET character_set_client = utf8mb4 */;
CREATE TABLE `notes` (
  `id_note` int NOT NULL AUTO_INCREMENT,
  `id_etudiant` int DEFAULT NULL,
  `id_module` int DEFAULT NULL,
  `note_td` decimal(4,2) DEFAULT NULL,
  `note_tp` decimal(4,2) DEFAULT NULL,
  `note_ef` decimal(4,2) DEFAULT NULL,
  `moy1` decimal(4,2) DEFAULT NULL,
  `note_er` decimal(4,2) DEFAULT NULL,
  `moy2` decimal(4,2) DEFAULT NULL,
  `moyenne_finale` decimal(4,2) DEFAULT NULL,
  `resultat` enum('ADM','RAT','ELI','EXC') DEFAULT NULL,
  `saisie_par` int DEFAULT NULL,
  `date_saisie` datetime DEFAULT CURRENT_TIMESTAMP,
  `session_validation` enum('NORMALE','RATTRAPAGE') DEFAULT NULL,
  PRIMARY KEY (`id_note`),
  KEY `id_etudiant` (`id_etudiant`),
  KEY `id_module` (`id_module`),
  KEY `saisie_par` (`saisie_par`),
  CONSTRAINT `notes_ibfk_1` FOREIGN KEY (`id_etudiant`) REFERENCES `etudiants` (`id_etudiant`) ON DELETE CASCADE,
  CONSTRAINT `notes_ibfk_2` FOREIGN KEY (`id_module`) REFERENCES `modules` (`id_module`) ON DELETE CASCADE,
  CONSTRAINT `notes_ibfk_3` FOREIGN KEY (`saisie_par`) REFERENCES `utilisateurs` (`id_utilisateur`) ON DELETE SET NULL
) ENGINE=InnoDB AUTO_INCREMENT=33 DEFAULT CHARSET=utf8mb4 COLLATE=utf8mb4_0900_ai_ci;
/*!40101 SET character_set_client = @saved_cs_client */;

--
-- Dumping data for table `notes`
--

LOCK TABLES `notes` WRITE;
/*!40000 ALTER TABLE `notes` DISABLE KEYS */;
/*!40000 ALTER TABLE `notes` ENABLE KEYS */;
UNLOCK TABLES;

--
-- Table structure for table `roles`
--

DROP TABLE IF EXISTS `roles`;
/*!40101 SET @saved_cs_client     = @@character_set_client */;
/*!50503 SET character_set_client = utf8mb4 */;
CREATE TABLE `roles` (
  `id_role` int NOT NULL AUTO_INCREMENT,
  `libelle` varchar(50) NOT NULL,
  `description` text,
  PRIMARY KEY (`id_role`)
) ENGINE=InnoDB AUTO_INCREMENT=4 DEFAULT CHARSET=utf8mb4 COLLATE=utf8mb4_0900_ai_ci;
/*!40101 SET character_set_client = @saved_cs_client */;

--
-- Dumping data for table `roles`
--

LOCK TABLES `roles` WRITE;
/*!40000 ALTER TABLE `roles` DISABLE KEYS */;
INSERT INTO `roles` VALUES (1,'Administrateur','Acc├¿s total au syst├¿me'),(2,'Enseignant','Gestion des notes, absences et supports de cours'),(3,'Agent','Agent de scolarit├® pour consultation et gestion basique');
/*!40000 ALTER TABLE `roles` ENABLE KEYS */;
UNLOCK TABLES;

--
-- Table structure for table `sessions`
--

DROP TABLE IF EXISTS `sessions`;
/*!40101 SET @saved_cs_client     = @@character_set_client */;
/*!50503 SET character_set_client = utf8mb4 */;
CREATE TABLE `sessions` (
  `id_session` int NOT NULL AUTO_INCREMENT,
  `annee_univ` varchar(20) NOT NULL,
  `semestre` varchar(5) NOT NULL,
  `type_session` enum('NORMALE','RATTRAPAGE') DEFAULT 'NORMALE',
  `verrouille` tinyint DEFAULT '0',
  PRIMARY KEY (`id_session`),
  UNIQUE KEY `unique_session` (`annee_univ`,`semestre`)
) ENGINE=InnoDB AUTO_INCREMENT=11 DEFAULT CHARSET=utf8mb4 COLLATE=utf8mb4_0900_ai_ci;
/*!40101 SET character_set_client = @saved_cs_client */;

--
-- Dumping data for table `sessions`
--

LOCK TABLES `sessions` WRITE;
/*!40000 ALTER TABLE `sessions` DISABLE KEYS */;
INSERT INTO `sessions` VALUES (1,'2025-2026','S1','NORMALE',0),(2,'2025-2026','S2','NORMALE',0),(3,'2025-2026','S3','NORMALE',0),(4,'2025-2026','S4','NORMALE',0),(5,'2025-2026','S5','NORMALE',0),(6,'2025-2026','S6','NORMALE',0);
/*!40000 ALTER TABLE `sessions` ENABLE KEYS */;
UNLOCK TABLES;

--
-- Table structure for table `supports_cours`
--

DROP TABLE IF EXISTS `supports_cours`;
/*!40101 SET @saved_cs_client     = @@character_set_client */;
/*!50503 SET character_set_client = utf8mb4 */;
CREATE TABLE `supports_cours` (
  `id_support` int NOT NULL AUTO_INCREMENT,
  `id_affectation` int DEFAULT NULL,
  `titre` varchar(255) NOT NULL,
  `chemin_fichier` varchar(255) NOT NULL,
  `type_fichier` varchar(50) DEFAULT NULL,
  `uploaded_at` datetime DEFAULT CURRENT_TIMESTAMP,
  PRIMARY KEY (`id_support`),
  KEY `id_affectation` (`id_affectation`),
  CONSTRAINT `supports_cours_ibfk_1` FOREIGN KEY (`id_affectation`) REFERENCES `affectations` (`id_affectation`) ON DELETE CASCADE
) ENGINE=InnoDB AUTO_INCREMENT=7 DEFAULT CHARSET=utf8mb4 COLLATE=utf8mb4_0900_ai_ci;
/*!40101 SET character_set_client = @saved_cs_client */;

--
-- Dumping data for table `supports_cours`
--

LOCK TABLES `supports_cours` WRITE;
/*!40000 ALTER TABLE `supports_cours` DISABLE KEYS */;
INSERT INTO `supports_cours` VALUES (1,28,'Cours CM - Chapitre 1','1779326796863-cours_node.pdf','PDF','2026-05-24 16:55:40'),(2,28,'Cours CM - Chapitre 2','1779326796863-cours_node.pdf','PDF','2026-05-24 16:55:40'),(3,25,'TD1 - Exercices','1779326796863-cours_node.pdf','PDF','2026-05-24 16:55:40'),(4,19,'Présentation Intro','1779410659828-Description_PFE.docx','PPTX','2026-05-24 16:55:40'),(5,20,'Fiche TD','1779410659828-Description_PFE.docx','DOCX','2026-05-24 16:55:40'),(6,22,'TP - Énoncé','1779326796863-cours_node.pdf','PDF','2026-05-24 16:55:40');
/*!40000 ALTER TABLE `supports_cours` ENABLE KEYS */;
UNLOCK TABLES;

--
-- Table structure for table `unites_enseignement`
--

DROP TABLE IF EXISTS `unites_enseignement`;
/*!40101 SET @saved_cs_client     = @@character_set_client */;
/*!50503 SET character_set_client = utf8mb4 */;
CREATE TABLE `unites_enseignement` (
  `id_ue` int NOT NULL AUTO_INCREMENT,
  `id_formation` int NOT NULL,
  `code_ue` varchar(50) NOT NULL,
  `titre` varchar(200) DEFAULT NULL,
  `semestre` varchar(10) DEFAULT NULL,
  `coefficient` decimal(3,1) DEFAULT '1.0',
  `credits` int DEFAULT '0',
  `credits_origine` int DEFAULT '0',
  PRIMARY KEY (`id_ue`),
  KEY `id_formation` (`id_formation`),
  CONSTRAINT `unites_enseignement_ibfk_1` FOREIGN KEY (`id_formation`) REFERENCES `formations` (`id_formation`) ON DELETE CASCADE
) ENGINE=InnoDB AUTO_INCREMENT=51 DEFAULT CHARSET=utf8mb4 COLLATE=utf8mb4_0900_ai_ci;
/*!40101 SET character_set_client = @saved_cs_client */;

--
-- Dumping data for table `unites_enseignement`
--

LOCK TABLES `unites_enseignement` WRITE;
/*!40000 ALTER TABLE `unites_enseignement` DISABLE KEYS */;
INSERT INTO `unites_enseignement` VALUES (26,4,'U1_S1','Fondamentale1','S1',6.0,0,10),(27,4,'U2_S1','Fondamentale2','S1',8.0,0,12),(28,4,'U3_S1','Méthodologique','S1',1.0,0,2),(29,4,'U4_S1','Transversal','S1',1.0,0,2),(30,4,'U5_S1','Découverte','S1',2.0,0,4),(31,4,'U1_S2','Fondamentale1','S2',6.0,0,10),(32,4,'U2_S2','Fondamentale2','S2',8.0,0,12),(33,4,'U3_S2','Méthodologique','S2',2.0,0,4),(34,4,'U4_S2','Découverte','S2',2.0,0,4),(35,5,'U1_S1','Fondamentale1','S3',6.0,0,11),(36,5,'U2_S1','Fondamentale2','S3',5.0,0,9),(37,5,'U3_S1','Méthodologique','S3',4.0,0,8),(38,5,'U4_S1','Transversale','S3',1.0,0,2),(39,5,'U1_S2','Fondamentale1','S4',5.0,0,10),(40,5,'U2_S2','Fondamentale2','S4',6.0,0,10),(41,5,'U3_S2','Méthodologique','S4',4.0,0,8),(42,5,'U4_S2','Transversale','S4',1.0,0,2),(43,6,'U1_S1','Fondamentale1','S5',6.0,0,10),(44,6,'U2_S1','Fondamentale2','S5',6.0,0,10),(45,6,'U3_S1','Méthodologique','S5',4.0,0,8),(46,6,'U4_S1','Transversale','S5',1.0,0,2),(47,6,'U1_S2','Fondamental1','S6',6.0,0,10),(48,6,'U2_S2','Fondamentale2','S6',6.0,0,10),(49,6,'U3_S2','Méthodologique','S6',4.0,0,8),(50,6,'U4_S2','Transversale','S6',1.0,0,2);
/*!40000 ALTER TABLE `unites_enseignement` ENABLE KEYS */;
UNLOCK TABLES;

--
-- Table structure for table `utilisateurs`
--

DROP TABLE IF EXISTS `utilisateurs`;
/*!40101 SET @saved_cs_client     = @@character_set_client */;
/*!50503 SET character_set_client = utf8mb4 */;
CREATE TABLE `utilisateurs` (
  `id_utilisateur` int NOT NULL AUTO_INCREMENT,
  `nom` varchar(50) NOT NULL,
  `prenom` varchar(50) NOT NULL,
  `email` varchar(100) NOT NULL,
  `matricule` varchar(50) DEFAULT NULL,
  `grade` varchar(20) DEFAULT NULL,
  `mot_de_passe` varchar(255) NOT NULL,
  `mot_de_passe_clair` varchar(255) DEFAULT NULL,
  `id_role` int DEFAULT NULL,
  `actif` tinyint(1) DEFAULT '1',
  `created_at` datetime DEFAULT CURRENT_TIMESTAMP,
  PRIMARY KEY (`id_utilisateur`),
  UNIQUE KEY `email` (`email`),
  KEY `id_role` (`id_role`),
  CONSTRAINT `utilisateurs_ibfk_1` FOREIGN KEY (`id_role`) REFERENCES `roles` (`id_role`) ON DELETE SET NULL
) ENGINE=InnoDB AUTO_INCREMENT=103 DEFAULT CHARSET=utf8mb4 COLLATE=utf8mb4_0900_ai_ci;
/*!40101 SET character_set_client = @saved_cs_client */;

--
-- Dumping data for table `utilisateurs`
--

LOCK TABLES `utilisateurs` WRITE;
/*!40000 ALTER TABLE `utilisateurs` DISABLE KEYS */;
INSERT INTO `utilisateurs` VALUES (1,'Admin','Super','admin@univ-oran.dz',NULL,NULL,'$2b$10$ij/2B2pQeoh7IuaWl/ylP.QQ2MWJx9XLf8jCXDMoh0HIFh4EbF8AG','admin123',1,1,'2026-05-23 17:58:57'),(2,'Benali','Mohamed','benali@univ-oran.dz',NULL,NULL,'$2b$10$ij/2B2pQeoh7IuaWl/ylP.QQ2MWJx9XLf8jCXDMoh0HIFh4EbF8AG','admin123',2,1,'2026-05-23 17:58:57'),(3,'Kherfi','Amina','kherfi@univ-oran.dz',NULL,NULL,'$2b$10$An6plMGpvtOCx.SepAKWNeE/zxjVySgj6.hsGqZULJ4pSioX3pD/6',NULL,3,1,'2026-05-23 17:58:57'),(4,'khadir','haithem','khadir@univ-oran.dz','ENS12000','MAA','$2b$10$aVqp3zhX5j1cwGEfQ3T8fObcFdUPczS.8.bAq.FLzF9ZP8OufS8PG','admin123',2,1,'2026-05-23 19:29:48'),(5,'NON_LISIBLE','Enseignant','non_lisible@univ-oran.dz',NULL,NULL,'$2b$10$ij/2B2pQeoh7IuaWl/ylP.QQ2MWJx9XLf8jCXDMoh0HIFh4EbF8AG','admin123',2,1,'2026-05-24 23:56:47'),(6,'ABDELATIF','T','abdelatif.t@univ-oran.dz',NULL,NULL,'$2b$10$ij/2B2pQeoh7IuaWl/ylP.QQ2MWJx9XLf8jCXDMoh0HIFh4EbF8AG','admin123',2,1,'2026-05-24 23:56:47'),(7,'BOUCIF','','boucif@univ-oran.dz',NULL,NULL,'$2b$10$ij/2B2pQeoh7IuaWl/ylP.QQ2MWJx9XLf8jCXDMoh0HIFh4EbF8AG','admin123',2,1,'2026-05-24 23:56:47'),(8,'BENABDELLAH','','benabdellah@univ-oran.dz',NULL,NULL,'$2b$10$ij/2B2pQeoh7IuaWl/ylP.QQ2MWJx9XLf8jCXDMoh0HIFh4EbF8AG','admin123',2,1,'2026-05-24 23:56:47'),(9,'BELMOKHTAR','','belmokhtar@univ-oran.dz',NULL,NULL,'$2b$10$ij/2B2pQeoh7IuaWl/ylP.QQ2MWJx9XLf8jCXDMoh0HIFh4EbF8AG','admin123',2,1,'2026-05-24 23:56:47'),(10,'AOUMEUR','','aoumeur@univ-oran.dz',NULL,NULL,'$2b$10$ij/2B2pQeoh7IuaWl/ylP.QQ2MWJx9XLf8jCXDMoh0HIFh4EbF8AG','admin123',2,1,'2026-05-24 23:56:47'),(11,'MILOUDI','','miloudi@univ-oran.dz',NULL,NULL,'$2b$10$ij/2B2pQeoh7IuaWl/ylP.QQ2MWJx9XLf8jCXDMoh0HIFh4EbF8AG','admin123',2,1,'2026-05-24 23:56:47'),(12,'AYAD','S','ayad.s@univ-oran.dz',NULL,NULL,'$2b$10$ij/2B2pQeoh7IuaWl/ylP.QQ2MWJx9XLf8jCXDMoh0HIFh4EbF8AG','admin123',2,1,'2026-05-24 23:56:47'),(13,'BELKHEIR','','belkheir@univ-oran.dz',NULL,NULL,'$2b$10$ij/2B2pQeoh7IuaWl/ylP.QQ2MWJx9XLf8jCXDMoh0HIFh4EbF8AG','admin123',2,1,'2026-05-24 23:56:47'),(14,'BENZOUAK','','benzouak@univ-oran.dz',NULL,NULL,'$2b$10$ij/2B2pQeoh7IuaWl/ylP.QQ2MWJx9XLf8jCXDMoh0HIFh4EbF8AG','admin123',2,1,'2026-05-24 23:56:47'),(15,'OUALI','A','ouali.a@univ-oran.dz',NULL,NULL,'$2b$10$ij/2B2pQeoh7IuaWl/ylP.QQ2MWJx9XLf8jCXDMoh0HIFh4EbF8AG','admin123',2,1,'2026-05-24 23:56:47'),(16,'NACHET','','nachet@univ-oran.dz',NULL,NULL,'$2b$10$ij/2B2pQeoh7IuaWl/ylP.QQ2MWJx9XLf8jCXDMoh0HIFh4EbF8AG','admin123',2,1,'2026-05-24 23:56:47'),(17,'MESSIRDI','','messirdi@univ-oran.dz',NULL,NULL,'$2b$10$ij/2B2pQeoh7IuaWl/ylP.QQ2MWJx9XLf8jCXDMoh0HIFh4EbF8AG','admin123',2,1,'2026-05-24 23:56:47'),(18,'MOKHTARI','K','mokhtari.k@univ-oran.dz',NULL,NULL,'$2b$10$ij/2B2pQeoh7IuaWl/ylP.QQ2MWJx9XLf8jCXDMoh0HIFh4EbF8AG','admin123',2,1,'2026-05-24 23:56:47'),(19,'DADDOUCHE','','daddouche@univ-oran.dz',NULL,NULL,'$2b$10$ij/2B2pQeoh7IuaWl/ylP.QQ2MWJx9XLf8jCXDMoh0HIFh4EbF8AG','admin123',2,1,'2026-05-24 23:56:47'),(20,'BENMELLOUKA','','benmellouka@univ-oran.dz',NULL,NULL,'$2b$10$ij/2B2pQeoh7IuaWl/ylP.QQ2MWJx9XLf8jCXDMoh0HIFh4EbF8AG','admin123',2,1,'2026-05-24 23:56:47'),(21,'HAMADOUCH','H','hamadouch.h@univ-oran.dz',NULL,NULL,'$2b$10$ij/2B2pQeoh7IuaWl/ylP.QQ2MWJx9XLf8jCXDMoh0HIFh4EbF8AG','admin123',2,1,'2026-05-24 23:56:47'),(22,'KHALDI','H','khaldi.h@univ-oran.dz',NULL,NULL,'$2b$10$ij/2B2pQeoh7IuaWl/ylP.QQ2MWJx9XLf8jCXDMoh0HIFh4EbF8AG','admin123',2,1,'2026-05-24 23:56:47'),(23,'BELWASSA','H','belwassa.h@univ-oran.dz',NULL,NULL,'$2b$10$ij/2B2pQeoh7IuaWl/ylP.QQ2MWJx9XLf8jCXDMoh0HIFh4EbF8AG','admin123',2,1,'2026-05-24 23:56:47'),(24,'KACEM','H','kacem.h@univ-oran.dz',NULL,NULL,'$2b$10$ij/2B2pQeoh7IuaWl/ylP.QQ2MWJx9XLf8jCXDMoh0HIFh4EbF8AG','admin123',2,1,'2026-05-24 23:56:47'),(25,'BOUSMAHA','','bousmaha@univ-oran.dz',NULL,NULL,'$2b$10$ij/2B2pQeoh7IuaWl/ylP.QQ2MWJx9XLf8jCXDMoh0HIFh4EbF8AG','admin123',2,1,'2026-05-24 23:56:47'),(26,'MESSAOUDI','','messaoudi@univ-oran.dz',NULL,NULL,'$2b$10$ij/2B2pQeoh7IuaWl/ylP.QQ2MWJx9XLf8jCXDMoh0HIFh4EbF8AG','admin123',2,1,'2026-05-24 23:56:47'),(27,'BESSEDJRARI','','bessedjrari@univ-oran.dz',NULL,NULL,'$2b$10$ij/2B2pQeoh7IuaWl/ylP.QQ2MWJx9XLf8jCXDMoh0HIFh4EbF8AG','admin123',2,1,'2026-05-24 23:56:47'),(28,'SADDATE','','saddate@univ-oran.dz',NULL,NULL,'$2b$10$ij/2B2pQeoh7IuaWl/ylP.QQ2MWJx9XLf8jCXDMoh0HIFh4EbF8AG','admin123',2,1,'2026-05-24 23:56:47'),(29,'GUETTARI','','guettari@univ-oran.dz',NULL,NULL,'$2b$10$ij/2B2pQeoh7IuaWl/ylP.QQ2MWJx9XLf8jCXDMoh0HIFh4EbF8AG','admin123',2,1,'2026-05-24 23:56:47'),(30,'BAHLOUL','Z','bahloul.z@univ-oran.dz',NULL,NULL,'$2b$10$ij/2B2pQeoh7IuaWl/ylP.QQ2MWJx9XLf8jCXDMoh0HIFh4EbF8AG','admin123',2,1,'2026-05-24 23:56:47'),(31,'KEBLI','','kebli@univ-oran.dz',NULL,NULL,'$2b$10$ij/2B2pQeoh7IuaWl/ylP.QQ2MWJx9XLf8jCXDMoh0HIFh4EbF8AG','admin123',2,1,'2026-05-24 23:56:47'),(32,'MAHI','','mahi@univ-oran.dz',NULL,NULL,'$2b$10$ij/2B2pQeoh7IuaWl/ylP.QQ2MWJx9XLf8jCXDMoh0HIFh4EbF8AG','admin123',2,1,'2026-05-24 23:56:47'),(33,'GHOMARI','','ghomari@univ-oran.dz',NULL,NULL,'$2b$10$ij/2B2pQeoh7IuaWl/ylP.QQ2MWJx9XLf8jCXDMoh0HIFh4EbF8AG','admin123',2,1,'2026-05-24 23:56:47'),(34,'KECHAR','','kechar@univ-oran.dz',NULL,NULL,'$2b$10$ij/2B2pQeoh7IuaWl/ylP.QQ2MWJx9XLf8jCXDMoh0HIFh4EbF8AG','admin123',2,1,'2026-05-24 23:56:47'),(35,'MEZEGHRANI','','mezeghrani@univ-oran.dz',NULL,NULL,'$2b$10$ij/2B2pQeoh7IuaWl/ylP.QQ2MWJx9XLf8jCXDMoh0HIFh4EbF8AG','admin123',2,1,'2026-05-24 23:56:47'),(36,'AID','O','aid.o@univ-oran.dz',NULL,NULL,'$2b$10$ij/2B2pQeoh7IuaWl/ylP.QQ2MWJx9XLf8jCXDMoh0HIFh4EbF8AG','admin123',2,1,'2026-05-24 23:56:47'),(37,'BESSADAT','','bessadat@univ-oran.dz',NULL,NULL,'$2b$10$ij/2B2pQeoh7IuaWl/ylP.QQ2MWJx9XLf8jCXDMoh0HIFh4EbF8AG','admin123',2,1,'2026-05-24 23:56:47'),(38,'BELALEM','','belalem@univ-oran.dz',NULL,NULL,'$2b$10$ij/2B2pQeoh7IuaWl/ylP.QQ2MWJx9XLf8jCXDMoh0HIFh4EbF8AG','admin123',2,1,'2026-05-24 23:56:47'),(39,'AID','','aid@univ-oran.dz',NULL,NULL,'$2b$10$ij/2B2pQeoh7IuaWl/ylP.QQ2MWJx9XLf8jCXDMoh0HIFh4EbF8AG','admin123',2,1,'2026-05-24 23:56:47'),(40,'BENZAID','R','benzaid.r@univ-oran.dz',NULL,NULL,'$2b$10$ij/2B2pQeoh7IuaWl/ylP.QQ2MWJx9XLf8jCXDMoh0HIFh4EbF8AG','admin123',2,1,'2026-05-24 23:56:47'),(41,'GUITARI','A','guitari.a@univ-oran.dz',NULL,NULL,'$2b$10$ij/2B2pQeoh7IuaWl/ylP.QQ2MWJx9XLf8jCXDMoh0HIFh4EbF8AG','admin123',2,1,'2026-05-24 23:56:47'),(42,'ABDELATIF','','abdelatif@univ-oran.dz',NULL,NULL,'$2b$10$ij/2B2pQeoh7IuaWl/ylP.QQ2MWJx9XLf8jCXDMoh0HIFh4EbF8AG','admin123',2,1,'2026-05-24 23:56:47'),(43,'MECHACH','','mechach@univ-oran.dz',NULL,NULL,'$2b$10$ij/2B2pQeoh7IuaWl/ylP.QQ2MWJx9XLf8jCXDMoh0HIFh4EbF8AG','admin123',2,1,'2026-05-24 23:56:47'),(44,'HAFFAF','','haffaf@univ-oran.dz',NULL,NULL,'$2b$10$ij/2B2pQeoh7IuaWl/ylP.QQ2MWJx9XLf8jCXDMoh0HIFh4EbF8AG','admin123',2,1,'2026-05-24 23:56:47'),(45,'BIDAI','','bidai@univ-oran.dz',NULL,NULL,'$2b$10$ij/2B2pQeoh7IuaWl/ylP.QQ2MWJx9XLf8jCXDMoh0HIFh4EbF8AG','admin123',2,1,'2026-05-24 23:56:47'),(46,'TOUATI','','touati@univ-oran.dz',NULL,NULL,'$2b$10$ij/2B2pQeoh7IuaWl/ylP.QQ2MWJx9XLf8jCXDMoh0HIFh4EbF8AG','admin123',2,1,'2026-05-24 23:56:47'),(47,'CHERIFI','I','cherifi.i@univ-oran.dz',NULL,NULL,'$2b$10$ij/2B2pQeoh7IuaWl/ylP.QQ2MWJx9XLf8jCXDMoh0HIFh4EbF8AG','admin123',2,1,'2026-05-24 23:56:47'),(48,'BENHABARA','B','benhabara.b@univ-oran.dz',NULL,NULL,'$2b$10$ij/2B2pQeoh7IuaWl/ylP.QQ2MWJx9XLf8jCXDMoh0HIFh4EbF8AG','admin123',2,1,'2026-05-24 23:56:47'),(49,'BENKHALED','','benkhaled@univ-oran.dz',NULL,NULL,'$2b$10$ij/2B2pQeoh7IuaWl/ylP.QQ2MWJx9XLf8jCXDMoh0HIFh4EbF8AG','admin123',2,1,'2026-05-24 23:56:47'),(50,'AOUAT','A','aouat.a@univ-oran.dz',NULL,NULL,'$2b$10$ij/2B2pQeoh7IuaWl/ylP.QQ2MWJx9XLf8jCXDMoh0HIFh4EbF8AG','admin123',2,1,'2026-05-24 23:56:47'),(51,'BENARBIA','','benarbia@univ-oran.dz',NULL,NULL,'$2b$10$ij/2B2pQeoh7IuaWl/ylP.QQ2MWJx9XLf8jCXDMoh0HIFh4EbF8AG','admin123',2,1,'2026-05-24 23:56:47'),(52,'BALBOUZI','','balbouzi@univ-oran.dz',NULL,NULL,'$2b$10$ij/2B2pQeoh7IuaWl/ylP.QQ2MWJx9XLf8jCXDMoh0HIFh4EbF8AG','admin123',2,1,'2026-05-24 23:56:47'),(53,'NOUAR','','nouar@univ-oran.dz',NULL,NULL,'$2b$10$ij/2B2pQeoh7IuaWl/ylP.QQ2MWJx9XLf8jCXDMoh0HIFh4EbF8AG','admin123',2,1,'2026-05-24 23:56:47'),(54,'HASSAS','','hassas@univ-oran.dz',NULL,NULL,'$2b$10$ij/2B2pQeoh7IuaWl/ylP.QQ2MWJx9XLf8jCXDMoh0HIFh4EbF8AG','admin123',2,1,'2026-05-24 23:56:47'),(55,'ADLA','','adla@univ-oran.dz',NULL,NULL,'$2b$10$ij/2B2pQeoh7IuaWl/ylP.QQ2MWJx9XLf8jCXDMoh0HIFh4EbF8AG','admin123',2,1,'2026-05-24 23:56:47'),(56,'BENFERDIA','Y','benferdia.y@univ-oran.dz',NULL,NULL,'$2b$10$ij/2B2pQeoh7IuaWl/ylP.QQ2MWJx9XLf8jCXDMoh0HIFh4EbF8AG','admin123',2,1,'2026-05-24 23:56:47'),(57,'BOURENANE','D','bourenane.d@univ-oran.dz',NULL,NULL,'$2b$10$ij/2B2pQeoh7IuaWl/ylP.QQ2MWJx9XLf8jCXDMoh0HIFh4EbF8AG','admin123',2,1,'2026-05-24 23:56:47'),(58,'MEDDAH','','meddah@univ-oran.dz',NULL,NULL,'$2b$10$ij/2B2pQeoh7IuaWl/ylP.QQ2MWJx9XLf8jCXDMoh0HIFh4EbF8AG','admin123',2,1,'2026-05-24 23:56:47'),(59,'REZINI','','rezini@univ-oran.dz',NULL,NULL,'$2b$10$ij/2B2pQeoh7IuaWl/ylP.QQ2MWJx9XLf8jCXDMoh0HIFh4EbF8AG','admin123',2,1,'2026-05-24 23:56:47'),(60,'NAOUI','','naoui@univ-oran.dz',NULL,NULL,'$2b$10$ij/2B2pQeoh7IuaWl/ylP.QQ2MWJx9XLf8jCXDMoh0HIFh4EbF8AG','admin123',2,1,'2026-05-24 23:56:47'),(61,'HELMAOUI','A','helmaoui.a@univ-oran.dz',NULL,NULL,'$2b$10$ij/2B2pQeoh7IuaWl/ylP.QQ2MWJx9XLf8jCXDMoh0HIFh4EbF8AG','admin123',2,1,'2026-05-24 23:56:47'),(62,'DJEBBOUR','','djebbour@univ-oran.dz',NULL,NULL,'$2b$10$ij/2B2pQeoh7IuaWl/ylP.QQ2MWJx9XLf8jCXDMoh0HIFh4EbF8AG','admin123',2,1,'2026-05-24 23:56:47'),(63,'BOUCHIKHI','I','bouchikhi.i@univ-oran.dz',NULL,NULL,'$2b$10$ij/2B2pQeoh7IuaWl/ylP.QQ2MWJx9XLf8jCXDMoh0HIFh4EbF8AG','admin123',2,1,'2026-05-24 23:56:47'),(64,'GUECHACHE','C','guechache.c@univ-oran.dz',NULL,NULL,'$2b$10$ij/2B2pQeoh7IuaWl/ylP.QQ2MWJx9XLf8jCXDMoh0HIFh4EbF8AG','admin123',2,1,'2026-05-24 23:56:47'),(65,'GOUICEM','','gouicem@univ-oran.dz',NULL,NULL,'$2b$10$ij/2B2pQeoh7IuaWl/ylP.QQ2MWJx9XLf8jCXDMoh0HIFh4EbF8AG','admin123',2,1,'2026-05-24 23:56:47'),(66,'TOUATI','W','touati.w@univ-oran.dz',NULL,NULL,'$2b$10$ij/2B2pQeoh7IuaWl/ylP.QQ2MWJx9XLf8jCXDMoh0HIFh4EbF8AG','admin123',2,1,'2026-05-24 23:56:47'),(67,'KADDOUR','BRAHIM','kaddour.brahim@univ-oran.dz',NULL,NULL,'$2b$10$ij/2B2pQeoh7IuaWl/ylP.QQ2MWJx9XLf8jCXDMoh0HIFh4EbF8AG','admin123',2,1,'2026-05-24 23:56:47'),(68,'SAADI','F','saadi.f@univ-oran.dz',NULL,NULL,'$2b$10$ij/2B2pQeoh7IuaWl/ylP.QQ2MWJx9XLf8jCXDMoh0HIFh4EbF8AG','admin123',2,1,'2026-05-24 23:56:47'),(69,'BELHEZIEL','N','belheziel.n@univ-oran.dz',NULL,NULL,'$2b$10$ij/2B2pQeoh7IuaWl/ylP.QQ2MWJx9XLf8jCXDMoh0HIFh4EbF8AG','admin123',2,1,'2026-05-24 23:56:47'),(70,'BENSALEM','','bensalem@univ-oran.dz',NULL,NULL,'$2b$10$ij/2B2pQeoh7IuaWl/ylP.QQ2MWJx9XLf8jCXDMoh0HIFh4EbF8AG','admin123',2,1,'2026-05-24 23:56:47'),(71,'CHERIFI','A','cherifi.a@univ-oran.dz',NULL,NULL,'$2b$10$ij/2B2pQeoh7IuaWl/ylP.QQ2MWJx9XLf8jCXDMoh0HIFh4EbF8AG','admin123',2,1,'2026-05-24 23:56:47'),(72,'ATTAF','','attaf@univ-oran.dz',NULL,NULL,'$2b$10$ij/2B2pQeoh7IuaWl/ylP.QQ2MWJx9XLf8jCXDMoh0HIFh4EbF8AG','admin123',2,1,'2026-05-24 23:56:47'),(73,'ELMERAHI','','elmerahi@univ-oran.dz',NULL,NULL,'$2b$10$ij/2B2pQeoh7IuaWl/ylP.QQ2MWJx9XLf8jCXDMoh0HIFh4EbF8AG','admin123',2,1,'2026-05-24 23:56:47'),(74,'TOUATI','F.Z','touati.f.z@univ-oran.dz',NULL,NULL,'$2b$10$ij/2B2pQeoh7IuaWl/ylP.QQ2MWJx9XLf8jCXDMoh0HIFh4EbF8AG','admin123',2,1,'2026-05-24 23:56:47'),(75,'HAMDANI','','hamdani@univ-oran.dz',NULL,NULL,'$2b$10$ij/2B2pQeoh7IuaWl/ylP.QQ2MWJx9XLf8jCXDMoh0HIFh4EbF8AG','admin123',2,1,'2026-05-24 23:56:47'),(76,'ABDELOUAHAB','','abdelouahab@univ-oran.dz',NULL,NULL,'$2b$10$ij/2B2pQeoh7IuaWl/ylP.QQ2MWJx9XLf8jCXDMoh0HIFh4EbF8AG','admin123',2,1,'2026-05-24 23:56:48'),(77,'BOURENANE','','bourenane@univ-oran.dz',NULL,NULL,'$2b$10$ij/2B2pQeoh7IuaWl/ylP.QQ2MWJx9XLf8jCXDMoh0HIFh4EbF8AG','admin123',2,1,'2026-05-24 23:56:48'),(78,'MEZIANE','','meziane@univ-oran.dz',NULL,NULL,'$2b$10$ij/2B2pQeoh7IuaWl/ylP.QQ2MWJx9XLf8jCXDMoh0HIFh4EbF8AG','admin123',2,1,'2026-05-24 23:56:48'),(79,'BENGUEDDACH','','bengueddach@univ-oran.dz',NULL,NULL,'$2b$10$ij/2B2pQeoh7IuaWl/ylP.QQ2MWJx9XLf8jCXDMoh0HIFh4EbF8AG','admin123',2,1,'2026-05-24 23:56:48'),(80,'AMRANE','','amrane@univ-oran.dz',NULL,NULL,'$2b$10$ij/2B2pQeoh7IuaWl/ylP.QQ2MWJx9XLf8jCXDMoh0HIFh4EbF8AG','admin123',2,1,'2026-05-24 23:56:48'),(81,'FOUROUR','','fourour@univ-oran.dz',NULL,NULL,'$2b$10$ij/2B2pQeoh7IuaWl/ylP.QQ2MWJx9XLf8jCXDMoh0HIFh4EbF8AG','admin123',2,1,'2026-05-24 23:56:48'),(82,'LOUKIL','','loukil@univ-oran.dz',NULL,NULL,'$2b$10$ij/2B2pQeoh7IuaWl/ylP.QQ2MWJx9XLf8jCXDMoh0HIFh4EbF8AG','admin123',2,1,'2026-05-24 23:56:48'),(83,'BENYAMINA','','benyamina@univ-oran.dz',NULL,NULL,'$2b$10$ij/2B2pQeoh7IuaWl/ylP.QQ2MWJx9XLf8jCXDMoh0HIFh4EbF8AG','admin123',2,1,'2026-05-24 23:56:48'),(84,'REZINI','M','rezini.m@univ-oran.dz',NULL,NULL,'$2b$10$ij/2B2pQeoh7IuaWl/ylP.QQ2MWJx9XLf8jCXDMoh0HIFh4EbF8AG','admin123',2,1,'2026-05-24 23:56:48'),(85,'SAIM','K','saim.k@univ-oran.dz',NULL,NULL,'$2b$10$ij/2B2pQeoh7IuaWl/ylP.QQ2MWJx9XLf8jCXDMoh0HIFh4EbF8AG','admin123',2,1,'2026-05-24 23:56:48'),(86,'MEKELECHE','Z','mekeleche.z@univ-oran.dz',NULL,NULL,'$2b$10$ij/2B2pQeoh7IuaWl/ylP.QQ2MWJx9XLf8jCXDMoh0HIFh4EbF8AG','admin123',2,1,'2026-05-24 23:56:48'),(87,'BALAROUI','S','balaroui.s@univ-oran.dz',NULL,NULL,'$2b$10$ij/2B2pQeoh7IuaWl/ylP.QQ2MWJx9XLf8jCXDMoh0HIFh4EbF8AG','admin123',2,1,'2026-05-24 23:56:48'),(88,'SAAD','A','saad.a@univ-oran.dz',NULL,NULL,'$2b$10$ij/2B2pQeoh7IuaWl/ylP.QQ2MWJx9XLf8jCXDMoh0HIFh4EbF8AG','admin123',2,1,'2026-05-24 23:56:48'),(89,'BELBOUZI','','belbouzi@univ-oran.dz',NULL,NULL,'$2b$10$ij/2B2pQeoh7IuaWl/ylP.QQ2MWJx9XLf8jCXDMoh0HIFh4EbF8AG','admin123',2,1,'2026-05-24 23:56:48'),(90,'SMARI','','smari@univ-oran.dz',NULL,NULL,'$2b$10$ij/2B2pQeoh7IuaWl/ylP.QQ2MWJx9XLf8jCXDMoh0HIFh4EbF8AG','admin123',2,1,'2026-05-24 23:56:48'),(91,'BOUAMRANE','','bouamrane@univ-oran.dz',NULL,NULL,'$2b$10$ij/2B2pQeoh7IuaWl/ylP.QQ2MWJx9XLf8jCXDMoh0HIFh4EbF8AG','admin123',2,1,'2026-05-24 23:56:48'),(92,'MOKHTARI','N','mokhtari.n@univ-oran.dz',NULL,NULL,'$2b$10$ij/2B2pQeoh7IuaWl/ylP.QQ2MWJx9XLf8jCXDMoh0HIFh4EbF8AG','admin123',2,1,'2026-05-24 23:56:48'),(93,'ARIBI','','aribi@univ-oran.dz',NULL,NULL,'$2b$10$ij/2B2pQeoh7IuaWl/ylP.QQ2MWJx9XLf8jCXDMoh0HIFh4EbF8AG','admin123',2,1,'2026-05-24 23:56:48'),(94,'KENNICHE','','kenniche@univ-oran.dz',NULL,NULL,'$2b$10$ij/2B2pQeoh7IuaWl/ylP.QQ2MWJx9XLf8jCXDMoh0HIFh4EbF8AG','admin123',2,1,'2026-05-24 23:56:48'),(95,'NAIT','BAHLOUL','nait.bahloul@univ-oran.dz',NULL,NULL,'$2b$10$ij/2B2pQeoh7IuaWl/ylP.QQ2MWJx9XLf8jCXDMoh0HIFh4EbF8AG','admin123',2,1,'2026-05-24 23:56:48'),(96,'ABDI','','abdi@univ-oran.dz',NULL,NULL,'$2b$10$ij/2B2pQeoh7IuaWl/ylP.QQ2MWJx9XLf8jCXDMoh0HIFh4EbF8AG','admin123',2,1,'2026-05-24 23:56:48'),(97,'DEBA','','deba@univ-oran.dz',NULL,NULL,'$2b$10$ij/2B2pQeoh7IuaWl/ylP.QQ2MWJx9XLf8jCXDMoh0HIFh4EbF8AG','admin123',2,1,'2026-05-24 23:56:48'),(98,'MERAD','BOUDIA','merad.boudia@univ-oran.dz',NULL,NULL,'$2b$10$ij/2B2pQeoh7IuaWl/ylP.QQ2MWJx9XLf8jCXDMoh0HIFh4EbF8AG','admin123',2,1,'2026-05-24 23:56:48'),(99,'MAKHLOUF','','makhlouf@univ-oran.dz',NULL,NULL,'$2b$10$ij/2B2pQeoh7IuaWl/ylP.QQ2MWJx9XLf8jCXDMoh0HIFh4EbF8AG','admin123',2,1,'2026-05-24 23:56:48'),(100,'BENTATA','','bentata@univ-oran.dz',NULL,NULL,'$2b$10$ij/2B2pQeoh7IuaWl/ylP.QQ2MWJx9XLf8jCXDMoh0HIFh4EbF8AG','admin123',2,1,'2026-05-24 23:56:48'),(101,'BENALI','K','benali.k@univ-oran.dz',NULL,NULL,'$2b$10$ij/2B2pQeoh7IuaWl/ylP.QQ2MWJx9XLf8jCXDMoh0HIFh4EbF8AG','admin123',2,1,'2026-05-24 23:56:48'),(102,'DEBA','A','deba.a@univ-oran.dz',NULL,NULL,'$2b$10$ij/2B2pQeoh7IuaWl/ylP.QQ2MWJx9XLf8jCXDMoh0HIFh4EbF8AG','admin123',2,1,'2026-05-24 23:56:48');
/*!40000 ALTER TABLE `utilisateurs` ENABLE KEYS */;
UNLOCK TABLES;

--
-- Dumping events for database 'pfe_app'
--

--
-- Dumping routines for database 'pfe_app'
--
/*!40103 SET TIME_ZONE=@OLD_TIME_ZONE */;

/*!40101 SET SQL_MODE=@OLD_SQL_MODE */;
/*!40014 SET FOREIGN_KEY_CHECKS=@OLD_FOREIGN_KEY_CHECKS */;
/*!40014 SET UNIQUE_CHECKS=@OLD_UNIQUE_CHECKS */;
/*!40101 SET CHARACTER_SET_CLIENT=@OLD_CHARACTER_SET_CLIENT */;
/*!40101 SET CHARACTER_SET_RESULTS=@OLD_CHARACTER_SET_RESULTS */;
/*!40101 SET COLLATION_CONNECTION=@OLD_COLLATION_CONNECTION */;
/*!40111 SET SQL_NOTES=@OLD_SQL_NOTES */;

-- Dump completed on 2026-05-26  1:17:45
